<?xml version="1.0"?>
<?xml-stylesheet type="text/xsl" href="CCD.xsl"?>
<!-- The following sample document depicts a fictional character’s health summary. Any resemblance to a real person is coincidental. -->
<ClinicalDocument xmlns="urn:hl7-org:v3" xmlns:voc="urn:hl7-org:v3/voc" xmlns:xsi="http://www.w3.org/2001/XMLSchema-instance" xsi:schemaLocation="urn:hl7-org:v3 C:\DOCUME~1\RICKGE~1\MYDOCU~1\AlschulerAssociates\projects\hl7\CDA_R2_NormativeWebEdition2005\infrastructure\cda\CDA.xsd">
	<!-- 
********************************************************
CDA Header
********************************************************
-->
	<typeId root="2.16.840.1.113883.1.3" extension="POCD_HD000040"/>
	<templateId root="2.16.840.1.113883.10.20.1"/>
	<!-- CCD v1.0 Templates Root -->
	<id root="db734647-fc99-424c-a864-7e3cda82e703"/>
	<code code="34133-9" codeSystem="2.16.840.1.113883.6.1" displayName="Summarization of episode note"/>
	<title>Good Health Clinic Continuity of Care Document</title>
	<effectiveTime value="20000407130000+0500"/>
	<confidentialityCode code="N" codeSystem="2.16.840.1.113883.5.25"/>
	<languageCode code="en-US"/>
	<recordTarget>
		<patientRole>
			<id extension="996-756-495" root="2.16.840.1.113883.19.5"/>
			<patient>
				<name>
					<given>Henry</given>
					<family>Levin</family>
					<suffix>the 7th</suffix>
				</name>
				<administrativeGenderCode code="M" codeSystem="2.16.840.1.113883.5.1"/>
				<birthTime value="19320924"/>
			</patient>
			<providerOrganization>
				<id root="2.16.840.1.113883.19.5"/>
				<name>Good Health Clinic</name>
			</providerOrganization>
		</patientRole>
	</recordTarget>
	<author>
		<time value="20000407130000+0500"/>
		<assignedAuthor>
			<id root="20cf14fb-b65c-4c8c-a54d-b0cca834c18c"/>
			<assignedPerson>
				<name>
					<prefix>Dr.</prefix>
					<given>Robert</given>
					<family>Dolin</family>
				</name>
			</assignedPerson>
			<representedOrganization>
				<id root="2.16.840.1.113883.19.5"/>
				<name>Good Health Clinic</name>
			</representedOrganization>
		</assignedAuthor>
	</author>
	<informant>
		<assignedEntity>
			<id nullFlavor="NI"/>
			<representedOrganization>
				<id root="2.16.840.1.113883.19.5"/>
				<name>Good Health Clinic</name>
			</representedOrganization>
		</assignedEntity>
	</informant>
	<custodian>
		<assignedCustodian>
			<representedCustodianOrganization>
				<id root="2.16.840.1.113883.19.5"/>
				<name>Good Health Clinic</name>
			</representedCustodianOrganization>
		</assignedCustodian>
	</custodian>
	<legalAuthenticator>
		<time value="20000407130000+0500"/>
		<signatureCode code="S"/>
		<assignedEntity>
			<id nullFlavor="NI"/>
			<representedOrganization>
				<id root="2.16.840.1.113883.19.5"/>
				<name>Good Health Clinic</name>
			</representedOrganization>
		</assignedEntity>
	</legalAuthenticator>
	<participant typeCode="IND">
		<associatedEntity classCode="GUAR">
			<id root="4ff51570-83a9-47b7-91f2-93ba30373141"/>
			<addr>
				<streetAddressLine>17 Daws Rd.</streetAddressLine>
				<city>Blue Bell</city>
				<state>MA</state>
				<postalCode>02368</postalCode>
			</addr>
			<telecom value="tel:(888)555-1212"/>
			<associatedPerson>
				<name>
					<given>Kenneth</given>
					<family>Ross</family>
				</name>
			</associatedPerson>
		</associatedEntity>
	</participant>
	<participant typeCode="IND">
		<associatedEntity classCode="NOK">
			<id root="4ac71514-6a10-4164-9715-f8d96af48e6d"/>
			<code code="65656005" codeSystem="2.16.840.1.113883.6.96" displayName="Biiological mother"/>
			<telecom value="tel:(999)555-1212"/>
			<associatedPerson>
				<name>
					<given>Henrietta</given>
					<family>Levin</family>
				</name>
			</associatedPerson>
		</associatedEntity>
	</participant>
	<documentationOf>
		<serviceEvent classCode="PCPR">
			<effectiveTime>
				<low value="19320924"/>
				<high value="20000407"/>
			</effectiveTime>
			<performer typeCode="PRF">
				<functionCode code="PCP" codeSystem="2.16.840.1.113883.5.88"/>
				<time>
					<low value="1990"/>
					<high value="20000407"/>
				</time>
				<assignedEntity>
					<id root="20cf14fb-b65c-4c8c-a54d-b0cca834c18c"/>
					<assignedPerson>
						<name>
							<prefix>Dr.</prefix>
							<given>Robert</given>
							<family>Dolin</family>
						</name>
					</assignedPerson>
					<representedOrganization>
						<id root="2.16.840.1.113883.19.5"/>
						<name>Good Health Clinic</name>
					</representedOrganization>
				</assignedEntity>
			</performer>
		</serviceEvent>
	</documentationOf>
	<!-- 
********************************************************
CDA Body
********************************************************
-->
	<component>
		<structuredBody>
			<!-- 
********************************************************
Purpose section
********************************************************
-->
			<component>
				<section>
					<templateId root="2.16.840.1.113883.10.20.1.13"/>
					<!-- Purpose section template -->
					<code code="48764-5" codeSystem="2.16.840.1.113883.6.1"/>
					<title>Summary Purpose</title>
					<text>Transfer of care</text>
				</section>
			</component>
			<!-- 
********************************************************
Payers section
********************************************************
-->
			<component>
				<section>
					<templateId root="2.16.840.1.113883.10.20.1.9"/>
					<!-- Payers section template -->
					<code code="48768-6" codeSystem="2.16.840.1.113883.6.1"/>
					<title>Payers</title>
					<text>
						<table border="1" width="100%">
							<thead>
								<tr>
									<th>Payer name</th>
									<th>Policy type / Coverage type</th>
									<th>Covered party ID</th>
									<th>Authorization(s)</th>
								</tr>
							</thead>
							<tbody>
								<tr>
									<td>Good Health Insurance</td>
									<td>Extended healthcare / Self</td>
									<td>14d4a520-7aae-11db-9fe1-0800200c9a66</td>
									<td>Colonoscopy</td>
								</tr>
							</tbody>
						</table>
					</text>
				</section>
			</component>
			<!-- 
********************************************************
Advance Directives section
********************************************************
-->
			<component>
				<section>
					<templateId root="2.16.840.1.113883.10.20.1.1"/>
					<!-- Advance directives section template -->
					<code code="42348-3" codeSystem="2.16.840.1.113883.6.1"/>
					<title>Advance Directives</title>
					<text>
						<table border="1" width="100%">
							<thead>
								<tr>
									<th>Directive</th>
									<th>Description</th>
									<th>Verification</th>
									<th>Supporting Document(s)</th>
								</tr>
							</thead>
							<tbody>
								<tr>
									<td>Resuscitation status</td>
									<td>
										<content ID="AD1">Do not resuscitate</content>
									</td>
									<td>Dr. Robert Dolin, Nov 07, 1999</td>
									<td>
										<linkHtml href="AdvanceDirective.b50b7910-7ffb-4f4c-bbe4-177ed68cbbf3.pdf">Advance directive</linkHtml>
									</td>
								</tr>
							</tbody>
						</table>
					</text>
				</section>
			</component>
			<!-- 
********************************************************
Functional Status section
********************************************************
-->
			<component>
				<section>
					<templateId root="2.16.840.1.113883.10.20.1.5"/>
					<!-- Functional status section template -->
					<code code="47420-5" codeSystem="2.16.840.1.113883.6.1"/>
					<title>Functional Status</title>
					<text>
						<table border="1" width="100%">
							<thead>
								<tr>
									<th>Functional Condition</th>
									<th>Effective Dates</th>
									<th>Condition Status</th>
								</tr>
							</thead>
							<tbody>
								<tr>
									<td>Dependence on cane</td>
									<td>1998</td>
									<td>Active</td>
								</tr>
								<tr>
									<td>Memory impairment</td>
									<td>1999</td>
									<td>Active</td>
								</tr>
							</tbody>
						</table>
					</text>
				</section>
			</component>
			<!-- 
********************************************************
Problems section
********************************************************
-->
			<component>
				<section>
					<templateId root="2.16.840.1.113883.10.20.1.11"/>
					<!-- Problem section template -->
					<code code="11450-4" codeSystem="2.16.840.1.113883.6.1"/>
					<title>Problems</title>
					<text>
						<table border="1" width="100%">
							<thead>
								<tr>
									<th>Condition</th>
									<th>Effective Dates</th>
									<th>Condition Status</th>
								</tr>
							</thead>
							<tbody>
								<tr>
									<td>Asthma</td>
									<td>1950</td>
									<td>Active</td>
								</tr>
								<tr>
									<td>Pneumonia</td>
									<td>Jan 1997</td>
									<td>Resolved</td>
								</tr>
								<tr>
									<td>"</td>
									<td>Mar 1999</td>
									<td>Resolved</td>
								</tr>
								<tr>
									<td>Myocardial Infarction</td>
									<td>Jan 1997</td>
									<td>Resolved</td>
								</tr>
							</tbody>
						</table>
					</text>
				</section>
			</component>
			<!-- 
********************************************************
Family History section
********************************************************
-->
			<component>
				<section>
					<templateId root="2.16.840.1.113883.10.20.1.4"/>
					<!-- Family history section template -->
					<code code="10157-6" codeSystem="2.16.840.1.113883.6.1"/>
					<title>Family history</title>
					<text>
						<paragraph>Father (deceased)</paragraph>
						<table border="1" width="100%">
							<thead>
								<tr>
									<th>Diagnosis</th>
									<th>Age At Onset</th>
								</tr>
							</thead>
							<tbody>
								<tr>
									<td>Myocardial Infarction (cause of death)</td>
									<td>57</td>
								</tr>
								<tr>
									<td>Hypertension</td>
									<td>40</td>
								</tr>
							</tbody>
						</table>
						<paragraph>Mother (alive)</paragraph>
						<table border="1" width="100%">
							<thead>
								<tr>
									<th>Diagnosis</th>
									<th>Age At Onset</th>
								</tr>
							</thead>
							<tbody>
								<tr>
									<td>Asthma</td>
									<td>30</td>
								</tr>
							</tbody>
						</table>
					</text>
				</section>
			</component>
			<!-- 
********************************************************
Social History section
********************************************************
-->
			<component>
				<section>
					<templateId root="2.16.840.1.113883.10.20.1.15"/>
					<!-- Social history section template -->
					<code code="29762-2" codeSystem="2.16.840.1.113883.6.1"/>
					<title>Social History</title>
					<text>
						<table border="1" width="100%">
							<thead>
								<tr>
									<th>Social History Element</th>
									<th>Description</th>
									<th>Effective Dates</th>
								</tr>
							</thead>
							<tbody>
								<tr>
									<td>Cigarette smoking</td>
									<td>1 pack per day</td>
									<td>1947 - 1972</td>
								</tr>
								<tr>
									<td>"</td>
									<td>None</td>
									<td>1973 - </td>
								</tr>
								<tr>
									<td>Alcohol consumption</td>
									<td>None</td>
									<td>1973 - </td>
								</tr>
							</tbody>
						</table>
					</text>
				</section>
			</component>
			<!-- 
********************************************************
Alerts section
********************************************************
-->
			<component>
				<section>
					<templateId root="2.16.840.1.113883.10.20.1.2"/>
					<!-- Alerts section template -->
					<code code="48765-2" codeSystem="2.16.840.1.113883.6.1"/>
					<title>Allergies, Adverse Reactions, Alerts</title>
					<text>
						<table border="1" width="100%">
							<thead>
								<tr>
									<th>Substance</th>
									<th>Reaction</th>
									<th>Status</th>
								</tr>
							</thead>
							<tbody>
								<tr>
									<td>Penicillin</td>
									<td>Hives</td>
									<td>Active</td>
								</tr>
								<tr>
									<td>Aspirin</td>
									<td>Wheezing</td>
									<td>Active</td>
								</tr>
								<tr>
									<td>Codeine</td>
									<td>Nausea</td>
									<td>Active</td>
								</tr>
							</tbody>
						</table>
					</text>
				</section>
			</component>
			<!-- 
********************************************************
Medications section
********************************************************
-->
			<component>
				<section>
					<templateId root="2.16.840.1.113883.10.20.1.8"/>
					<!-- Medications section template -->
					<code code="10160-0" codeSystem="2.16.840.1.113883.6.1"/>
					<title>Medications</title>
					<text>
					<list listType="unordered">
						<item>
							<content ID="med1">
							Medication: Albuterol inhalant<br/>
							Instructions: 2 puffs QID PRN wheezing<br/>
							Status: Active
							</content>
						</item>
						<item>
							<content ID="med2">
							Medication: Clopidogrel (Plavix)<br/>
							Instructions: 75mg PO daily<br/>
							Status: Active
							</content>
						</item>
						<item>
							<content ID="med3">
							Medication: Metoprolol<br/>
							Instructions: 25mg PO BID<br/>
							Status: Active
							</content>
						</item>
						<item>
							<content ID="med4">
							Medication: Prednisone<br/>
							Instructions: 20mg PO daily<br/>
							Start Date: Mar 28, 2000<br/>
							Status: Active
							</content>
						</item>
						<item>
							<content ID="med5">
							Medication: Cephalexin (Keflex)<br/>
							Instructions: 500mg PO QID x 7 days (for bronchitis)<br/>
							Start Date: Mar 28, 2000<br/>
							Status: No longer active
							</content>
						</item>
					</list>
					</text>
					<informant>
						<assignedEntity>
							<id extension="996-756-495" root="2.16.840.1.113883.19.5"/>
							<representedOrganization>
								<id root="2.16.840.1.113883.19.5"/>
								<name>Good Health Clinic</name>
							</representedOrganization>
						</assignedEntity>
					</informant>
				</section>
			</component>
			<!-- 
********************************************************
Medical Equipment section
********************************************************
-->
			<component>
				<section>
					<templateId root="2.16.840.1.113883.10.20.1.7"/>
					<!-- Medical equipment section template -->
					<code code="46264-8" codeSystem="2.16.840.1.113883.6.1"/>
					<title>Medical Equipment</title>
					<text>
						<table border="1" width="100%">
							<thead>
								<tr>
									<th>Supply/Device</th>
									<th>Date Supplied</th>
								</tr>
							</thead>
							<tbody>
								<tr>
									<td>Automatic implantable cardioverter/defibrillator</td>
									<td>Nov 1999</td>
								</tr>
								<tr>
									<td>Total hip replacement prosthesis</td>
									<td>1998</td>
								</tr>
								<tr>
									<td>Wheelchair</td>
									<td>1999</td>
								</tr>
							</tbody>
						</table>
					</text>
				</section>
			</component>
			<!-- 
********************************************************
Immunizations section
********************************************************
-->
			<component>
				<section>
					<templateId root="2.16.840.1.113883.10.20.1.6"/>
					<!-- Immunizations section template -->
					<code code="11369-6" codeSystem="2.16.840.1.113883.6.1"/>
					<title>Immunizations</title>
					<text>
						<table border="1" width="100%">
							<thead>
								<tr>
									<th>Vaccine</th>
									<th>Date</th>
									<th>Status</th>
								</tr>
							</thead>
							<tbody>
								<tr>
									<td>Influenza virus vaccine, IM</td>
									<td>Nov 1999</td>
									<td>Completed</td>
								</tr>
								<tr>
									<td>Influenza virus vaccine, IM</td>
									<td>Dec 1998</td>
									<td>Completed</td>
								</tr>
								<tr>
									<td>Pneumococcal polysaccharide vaccine, IM</td>
									<td>Dec 1998</td>
									<td>Completed</td>
								</tr>
								<tr>
									<td>Tetanus and diphtheria toxoids, IM</td>
									<td>1997</td>
									<td>Completed</td>
								</tr>
							</tbody>
						</table>
					</text>
				</section>
			</component>
			<!-- 
********************************************************
Vital Signs section
********************************************************
-->
			<component>
				<section>
					<templateId root="2.16.840.1.113883.10.20.1.16"/>
					<!-- Vital signs section template -->
					<code code="8716-3" codeSystem="2.16.840.1.113883.6.1"/>
					<title>Vital Signs</title>
					<text>
						<table border="1" width="100%">
							<thead>
								<tr>
									<th align="right">Date / Time: </th>
									<th>Nov 14, 1999</th>
									<th>April 7, 2000</th>
								</tr>
							</thead>
							<tbody>
								<tr>
									<th align="left">Height</th>
									<td>177 cm</td>
									<td>177 cm</td>
								</tr>
								<tr>
									<th align="left">Weight</th>
									<td>86 kg</td>
									<td>88 kg</td>
								</tr>
								<tr>
									<th align="left">Blood Pressure</th>
									<td>132/86 mmHg</td>
									<td>145/88 mmHg</td>
								</tr>
							</tbody>
						</table>
					</text>
				</section>
			</component>
			<!-- 
********************************************************
Results section
********************************************************
-->
			<component>
				<section>
					<templateId root="2.16.840.1.113883.10.20.1.14"/>
					<!-- Results section template -->
					<code code="30954-2" codeSystem="2.16.840.1.113883.6.1"/>
					<title>Results</title>
					<text>
						<table border="1" width="100%">
							<thead>
								<tr>
									<th>&#160;</th>
									<th>March 23, 2000</th>
									<th>April 06, 2000</th>
								</tr>
							</thead>
							<tbody>
								<tr>
									<td colspan="3">
										<content styleCode="BoldItalics">Hematology</content>
									</td>
								</tr>
								<tr>
									<td>HGB (M 13-18 g/dl; F 12-16 g/dl)</td>
									<td>13.2</td>
									<td>&#160;</td>
								</tr>
								<tr>
									<td>WBC (4.3-10.8 10+3/ul)</td>
									<td>6.7</td>
									<td>&#160;</td>
								</tr>
								<tr>
									<td>PLT (135-145 meq/l)</td>
									<td>123*</td>
									<td>&#160;</td>
								</tr>
								<tr>
									<td colspan="3">
										<content styleCode="BoldItalics">Chemistry</content>
									</td>
								</tr>
								<tr>
									<td>NA (135-145meq/l)</td>
									<td>&#160;</td>
									<td>140</td>
								</tr>
								<tr>
									<td>K (3.5-5.0 meq/l)</td>
									<td>&#160;</td>
									<td>4.0</td>
								</tr>
								<tr>
									<td>CL (98-106 meq/l)</td>
									<td>&#160;</td>
									<td>102</td>
								</tr>
								<tr>
									<td>HCO3 (18-23 meq/l)</td>
									<td>&#160;</td>
									<td>35*</td>
								</tr>
							</tbody>
						</table>
					</text>
				</section>
			</component>
			<!-- 
********************************************************
Procedures section
********************************************************
-->
			<component>
				<section>
					<templateId root="2.16.840.1.113883.10.20.1.12"/>
					<!-- Procedures section template -->
					<code code="47519-4" codeSystem="2.16.840.1.113883.6.1"/>
					<title>Procedures</title>
					<text>
						<table border="1" width="100%">
							<thead>
								<tr>
									<th>Procedure</th>
									<th>Date</th>
								</tr>
							</thead>
							<tbody>
								<tr>
									<td>
										<content ID="Proc1">Total hip replacement, left</content>
									</td>
									<td>1998</td>
								</tr>
							</tbody>
						</table>
					</text>
				</section>
			</component>
			<!-- 
********************************************************
Encounters section
********************************************************
-->
			<component>
				<section>
					<templateId root="2.16.840.1.113883.10.20.1.3"/>
					<!-- Encounters section template -->
					<code code="46240-8" codeSystem="2.16.840.1.113883.6.1"/>
					<title>Encounters</title>
					<text>
						<table border="1" width="100%">
							<thead>
								<tr>
									<th>Encounter</th>
									<th>Location</th>
									<th>Date</th>
								</tr>
							</thead>
							<tbody>
								<tr>
									<td>Checkup Examination</td>
									<td>Good Health Clinic</td>
									<td>Apr 07, 2000</td>
								</tr>
							</tbody>
						</table>
					</text>
				</section>
			</component>
			<!-- 
********************************************************
Plan of Care section
********************************************************
-->
			<component>
				<section>
					<templateId root="2.16.840.1.113883.10.20.1.10"/>
					<!-- Plan of Care section template -->
					<code code="18776-5" codeSystem="2.16.840.1.113883.6.1"/>
					<title>Plan</title>
					<text>
						<table border="1" width="100%">
							<thead>
								<tr>
									<th>Planned Activity</th>
									<th>Planned Date</th>
								</tr>
							</thead>
							<tbody>
								<tr>
									<td>Pulmonary function test</td>
									<td>April 21, 2000</td>
								</tr>
							</tbody>
						</table>
					</text>
				</section>
			</component>
		</structuredBody>
	</component>
</ClinicalDocument>
