insert into disease (id, subType, abbreviation) values (1, 'Disease', 'CLO');
insert into displaystring (id, appDisplay, displayName, language) values (101, 'Clotting Disorder (more options...)', 'Clotting Disorder type', 'en');
insert into disease_displaystring (Disease_id, displayStrings_id) values (1, 101);
insert into displaystring (id, appDisplay, displayName, language) values (174, 'Trastorno de coagulaci&#243;n sangu&#237;nea (m&#225;s opciones ...)', 'Clotting Disorder type', 'es');
insert into disease_displaystring (Disease_id, displayStrings_id) values (1, 174);

insert into disease (id, subType, abbreviation) values (2, 'Disease', 'CAN');
insert into displaystring (id, appDisplay, displayName, language) values (102, 'Cancer (more options...)', 'Cancer type', 'en');
insert into disease_displaystring (Disease_id, displayStrings_id) values (2, 102);
insert into displaystring (id, appDisplay, displayName, language) values (176, 'C&#225;ncer (m&#225;s opciones ...)', 'Cancer type', 'es');
insert into disease_displaystring (Disease_id, displayStrings_id) values (2, 176);

insert into disease (id, subType, abbreviation) values (3, 'Disease', 'DIA');
insert into displaystring (id, appDisplay, displayName, language) values (103, 'Diabetes (more options...)', 'Diabetes type', 'en');
insert into disease_displaystring (Disease_id, displayStrings_id) values (3, 103);
insert into displaystring (id, appDisplay, displayName, language) values (177, 'Diabetes (m&#225;s opciones ...)', 'Diabetes type', 'es');
insert into disease_displaystring (Disease_id, displayStrings_id) values (3, 177);

insert into disease (id, subType, abbreviation) values (4, 'Disease', 'GI');
insert into displaystring (id, appDisplay, displayName, language) values (104, 'Gastrointestinal Disorder  (more options...)', 'Gastrointestinal Disorder type', 'en');
insert into disease_displaystring (Disease_id, displayStrings_id) values (4, 104);
insert into displaystring (id, appDisplay, displayName, language) values (178, 'Enfermedad del Aparato Digestivo (m&#225;s opciones ...)', 'Gastrointestinal Disorder type', 'es');
insert into disease_displaystring (Disease_id, displayStrings_id) values (4, 178);

insert into disease (id, subType, abbreviation) values (5, 'Disease', 'HD');
insert into displaystring (id, appDisplay, displayName, language) values (105, 'Heart Disease  (more options...)', 'Heart Disease type', 'en');
insert into disease_displaystring (Disease_id, displayStrings_id) values (5, 105);
insert into displaystring (id, appDisplay, displayName, language) values (179, 'Enfermedades del Coraz&#243;n (m&#225;s opciones ...)', 'Heart Disease type', 'es');
insert into disease_displaystring (Disease_id, displayStrings_id) values (5, 179);

insert into disease (id, code, codeSystemName, subType, abbreviation) values (6, '55822004', 'SNOMED_CT', 'Disease', 'HCH');
insert into displaystring (id, appDisplay, displayName, language) values (106, 'High Cholesterol', 'High Cholesterol', 'en');
insert into disease_displaystring (Disease_id, displayStrings_id) values (6, 106);
insert into displaystring (id, appDisplay, displayName, language) values (180, 'Colesterol alto', 'High Cholesterol', 'es');
insert into disease_displaystring (Disease_id, displayStrings_id) values (6, 180);

insert into disease (id, code, codeSystemName, subType, abbreviation) values (7, '38341003', 'SNOMED_CT', 'Disease', 'HYP');
insert into displaystring (id, appDisplay, displayName, language) values (107, 'Hypertension', 'Hypertension', 'en');
insert into disease_displaystring (Disease_id, displayStrings_id) values (7, 107);
insert into displaystring (id, appDisplay, displayName, language) values (181, 'Hipertensi&#243;n Arterial', 'Hypertension', 'es');
insert into disease_displaystring (Disease_id, displayStrings_id) values (7, 181);

insert into disease (id, subType, abbreviation) values (8, 'Disease', 'KID');
insert into displaystring (id, appDisplay, displayName, language) values (108, 'Kidney Disease (more options...)', 'Kidney Disease type', 'en');
insert into disease_displaystring (Disease_id, displayStrings_id) values (8, 108);
insert into displaystring (id, appDisplay, displayName, language) values (182, 'Enfermedades de los Ri&#241;ones (m&#225;s opciones ...)', 'Kidney Disease type', 'es');
insert into disease_displaystring (Disease_id, displayStrings_id) values (8, 182);

insert into disease (id, code, codeSystemName, subType, abbreviation) values (9, '19829001', 'SNOMED_CT', 'Disease', 'LD');
insert into displaystring (id, appDisplay, displayName, language) values (109, 'Lung Disease (more options...)', 'Lung Disease', 'en');
insert into disease_displaystring (Disease_id, displayStrings_id) values (9, 109);
insert into displaystring (id, appDisplay, displayName, language) values (183, 'Enfermedades pulmonares (m&#225;s opciones ...)', 'Lung Disease', 'es');
insert into disease_displaystring (Disease_id, displayStrings_id) values (9, 183);

insert into disease (id, code, codeSystemName, subType, abbreviation) values (10, '26929004', 'SNOMED_CT', 'Disease', 'Alz');
insert into displaystring (id, appDisplay, displayName, language) values (110, 'Dementia/Alzheimer\'s', 'Dementia/Alzheimer\'s', 'en');
insert into disease_displaystring (Disease_id, displayStrings_id) values (10, 110);
insert into displaystring (id, appDisplay, displayName, language) values (184, 'Demencia Senil/ Enfermedad de Alzheimer', 'Dementia/Alzheimer\'s', 'es');
insert into disease_displaystring (Disease_id, displayStrings_id) values (10, 184);

insert into disease (id, code, codeSystemName, subType, abbreviation) values (11, '64859006', 'SNOMED_CT', 'Disease', 'OST');
insert into displaystring (id, appDisplay, displayName, language) values (111, 'Osteoporosis', 'Osteoporosis', 'en');
insert into disease_displaystring (Disease_id, displayStrings_id) values (11, 111);
insert into displaystring (id, appDisplay, displayName, language) values (185, 'Osteoporosis', 'Osteoporosis', 'es');
insert into disease_displaystring (Disease_id, displayStrings_id) values (11, 185);

insert into disease (id, subType, abbreviation) values (12, 'Disease', 'MD');
insert into displaystring (id, appDisplay, displayName, language) values (112, 'Psychological Disorder (more options...)', 'Mental Disorder type', 'en');
insert into disease_displaystring (Disease_id, displayStrings_id) values (12, 112);
insert into displaystring (id, appDisplay, displayName, language) values (186, 'Trastornos psicol&#243;gicos (m&#225;s opciones ...)', 'Mental Disorder type', 'es');
insert into disease_displaystring (Disease_id, displayStrings_id) values (12, 186);

insert into disease (id, code, codeSystemName, subType, abbreviation) values (13, '105592009', 'SNOMED_CT', 'Disease', 'Sept');
insert into displaystring (id, appDisplay, displayName, language) values (113, 'Septicemia', 'Septicemia', 'en');
insert into disease_displaystring (Disease_id, displayStrings_id) values (13, 113);
insert into displaystring (id, appDisplay, displayName, language) values (187, 'Septicemia', 'Septicemia', 'es');
insert into disease_displaystring (Disease_id, displayStrings_id) values (13, 187);

insert into disease (id, code, codeSystemName, subType, abbreviation) values (14, '116288000', 'SNOMED_CT', 'Disease', 'SBA');
insert into displaystring (id, appDisplay, displayName, language) values (114, 'Stroke/Brain Attack', 'Stroke/Brain Attack', 'en');
insert into disease_displaystring (Disease_id, displayStrings_id) values (14, 114);
insert into displaystring (id, appDisplay, displayName, language) values (188, 'Enfermedad Vascular Cerebral', 'Stroke/Brain Attack', 'es');
insert into disease_displaystring (Disease_id, displayStrings_id) values (14, 188);

insert into disease (id, code, codeSystemName, subType, abbreviation) values (15, '51178009', 'SNOMED_CT', 'Disease', 'SIDS');
insert into displaystring (id, appDisplay, displayName, language) values (115, 'Sudden Infant Death Syndrome', 'Sudden Infant Death Syndrome', 'en');
insert into disease_displaystring (Disease_id, displayStrings_id) values (15, 115);
insert into displaystring (id, appDisplay, displayName, language) values (189, 'S&#237;ndrome de muerte s&#250;bita infantil', 'Sudden Infant Death Syndrome', 'es');
insert into disease_displaystring (Disease_id, displayStrings_id) values (15, 189);

insert into disease (id, subType) values (16, 'Disease');
insert into displaystring (id, appDisplay, displayName, language) values (116, 'Other - Add New', 'Other Disease type', 'en');
insert into disease_displaystring (Disease_id, displayStrings_id) values (16, 116);
insert into displaystring (id, appDisplay, displayName, language) values (190, 'Otros - A&#241;adir', 'Other Disease type', 'es');
insert into disease_displaystring (Disease_id, displayStrings_id) values (16, 190);

-- diabetes sub types
insert into disease (id, code, codeSystemName, subType, abbreviation, parent_id) values (17, '46635009', 'SNOMED_CT', 'Diabetes', 'DIA1', 3);
insert into displaystring (id, appDisplay, displayName, language) values (117, 'Type 1 Diabetes', 'Type 1 Diabetes', 'en');
insert into disease_displaystring (Disease_id, displayStrings_id) values (17, 117);
insert into displaystring (id, appDisplay, displayName, language) values (191, 'Diabetes Mellitus Tipo I', 'Type 1 Diabetes', 'es');
insert into disease_displaystring (Disease_id, displayStrings_id) values (17, 191);
insert into disease (id, code, codeSystemName, subType, abbreviation, parent_id) values (18, '44054006', 'SNOMED_CT', 'Diabetes', 'DIA2', 3);
insert into displaystring (id, appDisplay, displayName, language) values (118, 'Type 2 Diabetes', 'Type 2 Diabetes', 'en');
insert into disease_displaystring (Disease_id, displayStrings_id) values (18, 118);
insert into displaystring (id, appDisplay, displayName, language) values (192, 'Diabetes Mellitus Tipo 2', 'Type 2 Diabetes', 'es');
insert into disease_displaystring (Disease_id, displayStrings_id) values (18, 192);
insert into disease (id, code, codeSystemName, subType, abbreviation, parent_id) values (19, '11687002', 'SNOMED_CT', 'Diabetes', 'Gest', 3);
insert into displaystring (id, appDisplay, displayName, language) values (119, 'Gestational Diabetes', 'Gestational Diabetes', 'en');
insert into disease_displaystring (Disease_id, displayStrings_id) values (19, 119);
insert into displaystring (id, appDisplay, displayName, language) values (193, 'Diabetes del Embarazo', 'Gestational Diabetes', 'es');
insert into disease_displaystring (Disease_id, displayStrings_id) values (19, 193);
insert into disease (id, code, codeSystemName, subType, abbreviation, parent_id) values (20, '73211009', 'SNOMED_CT', 'Diabetes', 'DIA', 3);
insert into displaystring (id, appDisplay, displayName, language) values (120, 'Diabetes', 'Diabetes Mellitus', 'en');
insert into disease_displaystring (Disease_id, displayStrings_id) values (20, 120);
insert into displaystring (id, appDisplay, displayName, language) values (194, 'Diabetes', 'Diabetes Mellitus', 'es');
insert into disease_displaystring (Disease_id, displayStrings_id) values (20, 194);
insert into disease (id, subType, abbreviation, originalText, parent_id) values (82, 'Diabetes', 'UDIA', 'Unknown', 3);
insert into displaystring (id, appDisplay, displayName, language) values (292, 'Unknown Diabetes', 'Unknown Diabetes', 'en');
insert into disease_displaystring (Disease_id, displayStrings_id) values (82, 292);
insert into displaystring (id, appDisplay, displayName, language) values (293, 'Diabetes desconocida', 'Unknown Diabetes', 'es');
insert into disease_displaystring (Disease_id, displayStrings_id) values (82, 293);

-- mental disorder subtypes
insert into disease (id, code, codeSystemName, subType, abbreviation, parent_id) values (21, '197480006', 'SNOMED_CT', 'Psychological Disorder', 'Anx', 12);
insert into displaystring (id, appDisplay, displayName, language) values (121, 'Anxiety', 'Anxiety', 'en');
insert into disease_displaystring (Disease_id, displayStrings_id) values (21, 121);
insert into displaystring (id, appDisplay, displayName, language) values (195, 'Ansiedad', 'Anxiety', 'es');
insert into disease_displaystring (Disease_id, displayStrings_id) values (21, 195);
insert into disease (id, code, codeSystemName, subType, abbreviation, parent_id) values (22, '406506008', 'SNOMED_CT', 'Psychological Disorder', 'ADHA', 12);
insert into displaystring (id, appDisplay, displayName, language) values (122, 'Attention Deficit Disorder-Hyperactivity', 'Attention Deficit Disorder-Hyperactivity', 'en');
insert into disease_displaystring (Disease_id, displayStrings_id) values (22, 122);
insert into displaystring (id, appDisplay, displayName, language) values (196, 'Trastorno d&#233;ficit de atenci&#243;n', 'Attention Deficit Disorder-Hyperactivity', 'es');
insert into disease_displaystring (Disease_id, displayStrings_id) values (22, 196);
insert into disease (id, code, codeSystemName, subType, abbreviation, parent_id) values (23, '408856003', 'SNOMED_CT', 'Psychological Disorder', 'Aut', 12);
insert into displaystring (id, appDisplay, displayName, language) values (123, 'Autism', 'Autism', 'en');
insert into disease_displaystring (Disease_id, displayStrings_id) values (23, 123);
insert into displaystring (id, appDisplay, displayName, language) values (197, 'Autismo', 'Psychological Disorder', 'es');
insert into disease_displaystring (Disease_id, displayStrings_id) values (23, 197);
insert into disease (id, code, codeSystemName, subType, abbreviation, parent_id) values (24, '13746004 ', 'SNOMED_CT', 'Psychological Disorder', 'Bmd', 12);
insert into displaystring (id, appDisplay, displayName, language) values (124, 'Bipolar Disorder', 'Bipolar Disorder', 'en');
insert into disease_displaystring (Disease_id, displayStrings_id) values (24, 124);
insert into displaystring (id, appDisplay, displayName, language) values (198, 'Trastorno Bipolar', 'Bipolar Disorder', 'es');
insert into disease_displaystring (Disease_id, displayStrings_id) values (24, 198);
insert into disease (id, code, codeSystemName, subType, abbreviation, parent_id) values (25, '52448006', 'SNOMED_CT', 'Psychological Disorder', 'Dem', 12);
insert into displaystring (id, appDisplay, displayName, language) values (125, 'Dementia', 'Dementia', 'en');
insert into disease_displaystring (Disease_id, displayStrings_id) values (25, 125);
insert into displaystring (id, appDisplay, displayName, language) values (199, 'Demencia', 'Dementia', 'es');
insert into disease_displaystring (Disease_id, displayStrings_id) values (25, 199);
insert into disease (id, code, codeSystemName, subType, abbreviation, parent_id) values (26, '35489007', 'SNOMED_CT', 'Psychological Disorder', 'Dep', 12);
insert into displaystring (id, appDisplay, displayName, language) values (126, 'Depression', 'Depression', 'en');
insert into disease_displaystring (Disease_id, displayStrings_id) values (26, 126);
insert into displaystring (id, appDisplay, displayName, language) values (200, 'Depresi&#243;n', 'Depression', 'es');
insert into disease_displaystring (Disease_id, displayStrings_id) values (26, 200);
insert into disease (id, code, codeSystemName, subType, abbreviation, parent_id) values (27, '72366004 ', 'SNOMED_CT', 'Psychological Disorder', 'ED', 12);
insert into displaystring (id, appDisplay, displayName, language) values (127, 'Eating Disorder', 'Eating Disorder', 'en');
insert into disease_displaystring (Disease_id, displayStrings_id) values (27, 127);
insert into displaystring (id, appDisplay, displayName, language) values (201, 'Trastornos de la conducta alimentaria', 'Eating Disorder', 'es');
insert into disease_displaystring (Disease_id, displayStrings_id) values (27, 201);
insert into disease (id, code, codeSystemName, subType, abbreviation, parent_id) values (28, '191736004', 'SNOMED_CT', 'Psychological Disorder', 'OCD', 12);
insert into displaystring (id, appDisplay, displayName, language) values (128, 'Obsessive Compulsive Disorder', 'Obsessive Compulsive Disorder', 'en');
insert into disease_displaystring (Disease_id, displayStrings_id) values (28, 128);
insert into displaystring (id, appDisplay, displayName, language) values (202, 'Trastorno Obsesivo Compulsivo', 'Obsessive Compulsive Disorder', 'es');
insert into disease_displaystring (Disease_id, displayStrings_id) values (28, 202);
insert into disease (id, code, codeSystemName, subType, abbreviation, parent_id) values (29, '371631005', 'SNOMED_CT', 'Psychological Disorder', 'PaD', 12);
insert into displaystring (id, appDisplay, displayName, language) values (129, 'Panic Disorder', 'Panic Disorder', 'en');
insert into disease_displaystring (Disease_id, displayStrings_id) values (29, 129);
insert into displaystring (id, appDisplay, displayName, language) values (203, 'Episodios de P&#225;nico', 'Panic Disorder', 'es');
insert into disease_displaystring (Disease_id, displayStrings_id) values (29, 203);
insert into disease (id, code, codeSystemName, subType, abbreviation, parent_id) values (30, '33449004 ', 'SNOMED_CT', 'Psychological Disorder', 'PcD', 12);
insert into displaystring (id, appDisplay, displayName, language) values (130, 'Personality Disorder', 'Personality Disorder', 'en');
insert into disease_displaystring (Disease_id, displayStrings_id) values (30, 130);
insert into displaystring (id, appDisplay, displayName, language) values (204, 'Trastorno de la Personalidad', 'Personality Disorder', 'es');
insert into disease_displaystring (Disease_id, displayStrings_id) values (30, 204);
insert into disease (id, code, codeSystemName, subType, abbreviation, parent_id) values (31, '47505003 ', 'SNOMED_CT', 'Psychological Disorder', 'PTSD', 12);
insert into displaystring (id, appDisplay, displayName, language) values (131, 'Post Traumatic Stress Disorder', 'Post Traumatic Stress Disorder', 'en');
insert into disease_displaystring (Disease_id, displayStrings_id) values (31, 131);
insert into displaystring (id, appDisplay, displayName, language) values (205, 'S&#237;ndrome de Estr&#233;s Postraum&#225;tico', 'Post Traumatic Stress Disorder', 'es');
insert into disease_displaystring (Disease_id, displayStrings_id) values (31, 205);
insert into disease (id, code, codeSystemName, subType, abbreviation, parent_id) values (32, '58214004', 'SNOMED_CT', 'Psychological Disorder', 'MD', 12);
insert into displaystring (id, appDisplay, displayName, language) values (132, 'Schizophrenia', 'Schizophrenia', 'en');
insert into disease_displaystring (Disease_id, displayStrings_id) values (32, 132);
insert into displaystring (id, appDisplay, displayName, language) values (206, 'Esquizofrenia', 'Schizophrenia', 'es');
insert into disease_displaystring (Disease_id, displayStrings_id) values (32, 206);
insert into disease (id, code, codeSystemName, subType, abbreviation, parent_id) values (33, '25501002', 'SNOMED_CT', 'Psychological Disorder', 'Soc', 12);
insert into displaystring (id, appDisplay, displayName, language) values (133, 'Social Phobia', 'Social Phobia', 'en');
insert into disease_displaystring (Disease_id, displayStrings_id) values (33, 133);
insert into displaystring (id, appDisplay, displayName, language) values (207, 'Fobias', 'Social Phobia', 'es');
insert into disease_displaystring (Disease_id, displayStrings_id) values (33, 207);
insert into disease (id, code, codeSystemName, subType, abbreviation, parent_id) values (34, '74732009', 'SNOMED_CT', 'Psychological Disorder', 'MD', 12);
insert into displaystring (id, appDisplay, displayName, language) values (134, 'Mental Disorder', 'Unspecified', 'en');
insert into disease_displaystring (Disease_id, displayStrings_id) values (34, 134);
insert into displaystring (id, appDisplay, displayName, language) values (208, 'Enfermedades mentales', 'Unspecified', 'es');
insert into disease_displaystring (Disease_id, displayStrings_id) values (34, 208);
insert into disease (id, subType, abbreviation, originalText, parent_id) values (84, 'Psychological Disorder', 'UPD', 'Unknown', 12);
insert into displaystring (id, appDisplay, displayName, language) values (296, 'Unknown Psychological Disorder', 'Unknown Psychological Disorder', 'en');
insert into disease_displaystring (Disease_id, displayStrings_id) values (84, 296);
insert into displaystring (id, appDisplay, displayName, language) values (297, 'Trastornos psicol&#243;gicos desconocida', 'Unknown Psychological Disorder', 'es');
insert into disease_displaystring (Disease_id, displayStrings_id) values (84, 297);

-- lung disease subtypes (id 9)
insert into disease (id, code, codeSystemName, subType, abbreviation, parent_id) values (35, '195967001', 'SNOMED_CT', 'Lung Disease', 'Ast', 9);
insert into displaystring (id, appDisplay, displayName, language) values (135, 'Asthma', 'Asthma', 'en');
insert into disease_displaystring (Disease_id, displayStrings_id) values (35, 135);
insert into displaystring (id, appDisplay, displayName, language) values (209, 'Asma', 'Asthma', 'es');
insert into disease_displaystring (Disease_id, displayStrings_id) values (35, 209);
insert into disease (id, code, codeSystemName, subType, abbreviation, parent_id) values (36, '63480004', 'SNOMED_CT', 'Lung Disease', 'ChrB', 9);
insert into displaystring (id, appDisplay, displayName, language) values (136, 'Chronic Bronchitis', 'Chronic Bronchitis', 'en');
insert into disease_displaystring (Disease_id, displayStrings_id) values (36, 136);
insert into displaystring (id, appDisplay, displayName, language) values (210, 'Bronquitis Cr&#243;nica', 'Chronic Bronchitis', 'es');
insert into disease_displaystring (Disease_id, displayStrings_id) values (36, 210);
insert into disease (id, code, codeSystemName, subType, abbreviation, parent_id) values (37, '196229000', 'SNOMED_CT', 'Lung Disease', 'CDRS', 9);
insert into displaystring (id, appDisplay, displayName, language) values (137, 'Chronic Lower Respiratory Disease', 'Chronic Lower Respiratory Disease', 'en');
insert into disease_displaystring (Disease_id, displayStrings_id) values (37, 137);
insert into displaystring (id, appDisplay, displayName, language) values (211, 'Enfermedad Pulmonar de V&#237;as a&#233;reas peque&#241;as', 'Chronic Lower Respiratory Disease', 'es');
insert into disease_displaystring (Disease_id, displayStrings_id) values (37, 211);
insert into disease (id, code, codeSystemName, subType, abbreviation, parent_id) values (38, '13645005', 'SNOMED_CT', 'Lung Disease', 'LD', 9);
insert into displaystring (id, appDisplay, displayName, language) values (138, 'COPD', 'COPD', 'en');
insert into disease_displaystring (Disease_id, displayStrings_id) values (38, 138);
insert into displaystring (id, appDisplay, displayName, language) values (212, 'Enfermedad Pulmonar Obstructiva Cr&#243;nica', 'COPD', 'es');
insert into disease_displaystring (Disease_id, displayStrings_id) values (38, 212);
insert into disease (id, code, codeSystemName, subType, abbreviation, parent_id) values (39, '87433001 ', 'SNOMED_CT', 'Lung Disease', 'Emp', 9);
insert into displaystring (id, appDisplay, displayName, language) values (139, 'Emphysema', 'Emphysema', 'en');
insert into disease_displaystring (Disease_id, displayStrings_id) values (39, 139);
insert into displaystring (id, appDisplay, displayName, language) values (213, 'Enfisema Pulmonar', 'Emphysema', 'es');
insert into disease_displaystring (Disease_id, displayStrings_id) values (39, 213);
insert into disease (id, code, codeSystemName, subType, abbreviation, parent_id) values (40, '195878008 ', 'SNOMED_CT', 'Lung Disease', 'InP', 9);
insert into displaystring (id, appDisplay, displayName, language) values (140, 'Influenza/Pneumonia', 'Influenza/Pneumonia', 'en');
insert into disease_displaystring (Disease_id, displayStrings_id) values (40, 140);
insert into displaystring (id, appDisplay, displayName, language) values (214, 'Influenza/ Bronconeumon&#237;a', 'Influenza/Pneumonia', 'es');
insert into disease_displaystring (Disease_id, displayStrings_id) values (40, 214);
insert into disease (id, subType, abbreviation, originalText, parent_id) values (83, 'Lung Disease', 'ULD', 'Unknown', 9);
insert into displaystring (id, appDisplay, displayName, language) values (294, 'Unknown Lung Disease', 'Unknown Lung Disease', 'en');
insert into disease_displaystring (Disease_id, displayStrings_id) values (83, 294);
insert into displaystring (id, appDisplay, displayName, language) values (295, 'Enfermedades pulmonares desconocida', 'Unknown Lung Disease', 'es');
insert into disease_displaystring (Disease_id, displayStrings_id) values (83, 295);

-- kidney disease subtypes (id 8)
insert into disease (id, code, codeSystemName, subType, abbreviation, parent_id) values (41, '236439005', 'SNOMED_CT', 'Kidney Disease', 'CKD', 8);
insert into displaystring (id, appDisplay, displayName, language) values (141, 'Cystic Kidney Disease', 'Cystic Kidney Disease', 'en');
insert into disease_displaystring (Disease_id, displayStrings_id) values (41, 141);
insert into displaystring (id, appDisplay, displayName, language) values (215, 'Ri&#241;&#243;n Poliqu&#237;stico', 'Cystic Kidney Disease', 'es');
insert into disease_displaystring (Disease_id, displayStrings_id) values (41, 215);
insert into disease (id, code, codeSystemName, subType, abbreviation, parent_id) values (42, '127013003', 'SNOMED_CT', 'Kidney Disease', 'DkD', 8);
insert into displaystring (id, appDisplay, displayName, language) values (142, 'Diabetic Kidney Disease', 'Diabetic Kidney Disease', 'en');
insert into disease_displaystring (Disease_id, displayStrings_id) values (42, 142);
insert into displaystring (id, appDisplay, displayName, language) values (216, 'Nefropat&#237;a Diab&#233;tica', 'Diabetic Kidney Disease', 'es');
insert into disease_displaystring (Disease_id, displayStrings_id) values (42, 216);
insert into disease (id, code, codeSystemName, subType, abbreviation, parent_id) values (43, '52845002', 'SNOMED_CT', 'Kidney Disease', 'Nep', 8);
insert into displaystring (id, appDisplay, displayName, language) values (143, 'Nephritis', 'Nephritis', 'en');
insert into disease_displaystring (Disease_id, displayStrings_id) values (43, 143);
insert into displaystring (id, appDisplay, displayName, language) values (217, 'Nefritis', 'Nephritis', 'es');
insert into disease_displaystring (Disease_id, displayStrings_id) values (43, 217);
insert into disease (id, code, subType, abbreviation, parent_id) values (44, '90708001', 'Kidney Disease', 'KD', 8);
insert into displaystring (id, appDisplay, displayName, language) values (144, 'Kidney Nephrosis', 'Kidney Nephrosis', 'en');
insert into disease_displaystring (Disease_id, displayStrings_id) values (44, 144);
insert into displaystring (id, appDisplay, displayName, language) values (218, 'Nefrosis de ri&#241;&#243;n', 'Kidney Nephrosis', 'es');
insert into disease_displaystring (Disease_id, displayStrings_id) values (44, 218);

insert into disease (id, code, codeSystemName, subType, abbreviation, parent_id) values (45, '52254009', 'SNOMED_CT', 'Kidney Disease', 'NepS', 8);
insert into displaystring (id, appDisplay, displayName, language) values (145, 'Nephrotic Syndrome', 'Nephrotic Syndrome', 'en');
insert into disease_displaystring (Disease_id, displayStrings_id) values (45, 145);
insert into displaystring (id, appDisplay, displayName, language) values (219, 'S&#237;ndrome Nefr&#243;tico', 'Nephrotic Syndrome', 'es');
insert into disease_displaystring (Disease_id, displayStrings_id) values (45, 219);

insert into disease (id, subType, abbreviation, originalText, parent_id) values (46, 'Kidney Disease', 'UKD', 'Unknown', 8);
insert into displaystring (id, appDisplay, displayName, language) values (146, 'Unknown Kidney Disease', 'Unknown Kidney Disease', 'en');
insert into disease_displaystring (Disease_id, displayStrings_id) values (46, 146);
insert into displaystring (id, appDisplay, displayName, language) values (220, 'Enfermedades de los Ri&#241;ones desconocida', 'Unknown Kidney Disease', 'es');
insert into disease_displaystring (Disease_id, displayStrings_id) values (46, 220);

insert into disease (id, code, codeSystemName, subType, abbreviation, parent_id) values (47, '82525005', 'SNOMED_CT', 'Kidney Disease', 'CongKD', 8);
insert into displaystring (id, appDisplay, displayName, language) values (147, 'Kidney Disease Present from Birth', 'Kidney Disease Present from Birth', 'en');
insert into disease_displaystring (Disease_id, displayStrings_id) values (47, 147);
insert into displaystring (id, appDisplay, displayName, language) values (221, 'Enfermedad renal que inicia desde el nacimiento', 'Kidney Disease Present from Birth', 'es');
insert into disease_displaystring (Disease_id, displayStrings_id) values (47, 221);
insert into disease (id, subType, abbreviation, originalText, parent_id) values (48, 'Kidney Disease', 'UKD', 'Kidney Disease', 8);
insert into displaystring (id, appDisplay, displayName, language) values (148, 'Other Kidney Disease', 'Other Kidney Disease', 'en');
insert into disease_displaystring (Disease_id, displayStrings_id) values (48, 148);
insert into displaystring (id, appDisplay, displayName, language) values (222, 'Otras enfermedades renales', 'Other Kidney Disease', 'es');
insert into disease_displaystring (Disease_id, displayStrings_id) values (48, 222);

-- cancer subtypes (id 2)
insert into disease (id, code, codeSystemName, subType, abbreviation, parent_id) values (49, '269466003', 'SNOMED_CT', 'Cancer', 'BoC', 2);
insert into displaystring (id, appDisplay, displayName, language) values (149, 'Bone Cancer', 'Bone Cancer', 'en');
insert into disease_displaystring (Disease_id, displayStrings_id) values (49, 149);
insert into displaystring (id, appDisplay, displayName, language) values (223, 'C&#225;ncer &#243;seo', 'Bone Cancer', 'es');
insert into disease_displaystring (Disease_id, displayStrings_id) values (49, 223);
insert into disease (id, code, codeSystemName, subType, abbreviation, parent_id) values (50, '254837009', 'SNOMED_CT', 'Cancer', 'BrC', 2);
insert into displaystring (id, appDisplay, displayName, language) values (150, 'Breast Cancer', 'Breast Cancer', 'en');
insert into disease_displaystring (Disease_id, displayStrings_id) values (50, 150);
insert into displaystring (id, appDisplay, displayName, language) values (224, 'C&#225;ncer de Mama', 'Breast Cancer', 'es');
insert into disease_displaystring (Disease_id, displayStrings_id) values (50, 224);
insert into disease (id, code, codeSystemName, subType, abbreviation, parent_id) values (51, '363406005', 'SNOMED_CT', 'Cancer', 'ColC', 2);
insert into displaystring (id, appDisplay, displayName, language) values (151, 'Colon Cancer', 'Colon Cancer', 'en');
insert into disease_displaystring (Disease_id, displayStrings_id) values (51, 151);
insert into displaystring (id, appDisplay, displayName, language) values (225, 'C&#225;ncer de Colon', 'Colon Cancer', 'es');
insert into disease_displaystring (Disease_id, displayStrings_id) values (51, 225);
insert into disease (id, code, codeSystemName, subType, abbreviation, parent_id) values (52, '363402007', 'SNOMED_CT', 'Cancer', 'EsC', 2);
insert into displaystring (id, appDisplay, displayName, language) values (152, 'Esophageal Cancer', 'Esophageal Cancer', 'en');
insert into disease_displaystring (Disease_id, displayStrings_id) values (52, 152);
insert into displaystring (id, appDisplay, displayName, language) values (226, 'C&#225;ncer de Es&#243;fago', 'Esophageal Cancer', 'es');
insert into disease_displaystring (Disease_id, displayStrings_id) values (52, 226);
insert into disease (id, code, codeSystemName, subType, abbreviation, parent_id) values (53, '363349007', 'SNOMED_CT', 'Cancer', 'GaC', 2);
insert into displaystring (id, appDisplay, displayName, language) values (153, 'Gastric Cancer', 'Gastric Cancer', 'en');
insert into disease_displaystring (Disease_id, displayStrings_id) values (53, 153);
insert into displaystring (id, appDisplay, displayName, language) values (227, 'C&#225;ncer G&#225;strico', 'Gastric Cancer', 'es');
insert into disease_displaystring (Disease_id, displayStrings_id) values (53, 227);
insert into disease (id, code, codeSystemName, subType, abbreviation, parent_id) values (54, '363518003', 'SNOMED_CT', 'Cancer', 'KiC', 2);
insert into displaystring (id, appDisplay, displayName, language) values (154, 'Kidney Cancer', 'Kidney Cancer', 'en');
insert into disease_displaystring (Disease_id, displayStrings_id) values (54, 154);
insert into displaystring (id, appDisplay, displayName, language) values (228, 'C&#225;ncer renal', 'Kidney Cancer', 'es');
insert into disease_displaystring (Disease_id, displayStrings_id) values (54, 228);
insert into disease (id, code, codeSystemName, subType, abbreviation, parent_id) values (55, '93143009', 'SNOMED_CT', 'Cancer', 'Leu', 2);
insert into displaystring (id, appDisplay, displayName, language) values (155, 'Leukemia', 'Leukemia', 'en');
insert into disease_displaystring (Disease_id, displayStrings_id) values (55, 155);
insert into displaystring (id, appDisplay, displayName, language) values (229, 'Leucemia', 'Leukemia', 'es');
insert into disease_displaystring (Disease_id, displayStrings_id) values (55, 229);
insert into disease (id, code, codeSystemName, subType, abbreviation, parent_id) values (56, '363358000', 'SNOMED_CT', 'Cancer', 'LuC', 2);
insert into displaystring (id, appDisplay, displayName, language) values (156, 'Lung Cancer', 'Lung Cancer', 'en');
insert into disease_displaystring (Disease_id, displayStrings_id) values (56, 156);
insert into displaystring (id, appDisplay, displayName, language) values (230, 'C&#225;ncer de Pulm&#243;n', 'Lung Cancer', 'es');
insert into disease_displaystring (Disease_id, displayStrings_id) values (56, 230);
insert into disease (id, code, codeSystemName, subType, abbreviation, parent_id) values (57, '363495004', 'SNOMED_CT', 'Cancer', 'MuC', 2);
insert into displaystring (id, appDisplay, displayName, language) values (157, 'Muscle Cancer', 'Muscle Cancer', 'en');
insert into disease_displaystring (Disease_id, displayStrings_id) values (57, 157);
insert into displaystring (id, appDisplay, displayName, language) values (231, 'C&#225;ncer de M&#250;sculo ', 'Muscle Cancer', 'es');
insert into disease_displaystring (Disease_id, displayStrings_id) values (57, 231);
insert into disease (id, code, codeSystemName, subType, abbreviation, parent_id) values (58, '363443007', 'SNOMED_CT', 'Cancer', 'OvC', 2);
insert into displaystring (id, appDisplay, displayName, language) values (158, 'Ovarian Cancer', 'Ovarian Cancer', 'en');
insert into disease_displaystring (Disease_id, displayStrings_id) values (58, 158);
insert into displaystring (id, appDisplay, displayName, language) values (232, 'C&#225;ncer de Ovario', 'Ovarian Cancer', 'es');
insert into disease_displaystring (Disease_id, displayStrings_id) values (58, 232);
insert into disease (id, code, codeSystemName, subType, abbreviation, parent_id) values (59, '399068003', 'SNOMED_CT', 'Cancer', 'PrC', 2);
insert into displaystring (id, appDisplay, displayName, language) values (159, 'Prostate Cancer', 'Prostate Cancer', 'en');
insert into disease_displaystring (Disease_id, displayStrings_id) values (59, 159);
insert into displaystring (id, appDisplay, displayName, language) values (233, 'C&#225;ncer de Pr&#243;stata', 'Prostate Cancer', 'es');
insert into disease_displaystring (Disease_id, displayStrings_id) values (59, 233);
insert into disease (id, code, codeSystemName, subType, abbreviation, parent_id) values (60, '372130007', 'SNOMED_CT', 'Cancer', 'SkC', 2);
insert into displaystring (id, appDisplay, displayName, language) values (160, 'Skin Cancer', 'Skin Cancer', 'en');
insert into disease_displaystring (Disease_id, displayStrings_id) values (60, 160);
insert into displaystring (id, appDisplay, displayName, language) values (234, 'C&#225;ncer de Piel', 'Skin Cancer', 'es');
insert into disease_displaystring (Disease_id, displayStrings_id) values (60, 234);
insert into disease (id, code, codeSystemName, subType, abbreviation, parent_id) values (61, '363478007', 'SNOMED_CT', 'Cancer', 'ThC', 2);
insert into displaystring (id, appDisplay, displayName, language) values (161, 'Thyroid Cancer', 'Thyroid Cancer', 'en');
insert into disease_displaystring (Disease_id, displayStrings_id) values (61, 161);
insert into displaystring (id, appDisplay, displayName, language) values (235, 'C&#225;ncer de Tiroides', 'Thyroid Cancer', 'es');
insert into disease_displaystring (Disease_id, displayStrings_id) values (61, 235);
insert into disease (id, code, codeSystemName, subType, abbreviation, parent_id) values (62, '371973000', 'SNOMED_CT', 'Cancer', 'UtC', 2);
insert into displaystring (id, appDisplay, displayName, language) values (162, 'Uterine Cancer', 'Uterine Cancer', 'en');
insert into disease_displaystring (Disease_id, displayStrings_id) values (62, 162);
insert into displaystring (id, appDisplay, displayName, language) values (236, 'C&#225;ncer Cervicouterino', 'Uterine Cancer', 'es');
insert into disease_displaystring (Disease_id, displayStrings_id) values (62, 236);

insert into disease (id, code, codeSystemName, subType, abbreviation, parent_id) values (1000, '315058005', 'SNOMED_CT', 'Cancer', 'HnpcC', 2);
insert into displaystring (id, appDisplay, displayName, language) values (1000, 'Hereditary nonpolyposis colon cancer', 'Hereditary nonpolyposis colon cancer', 'en');
insert into disease_displaystring (Disease_id, displayStrings_id) values (1000, 1000);
insert into displaystring (id, appDisplay, displayName, language) values (2000, 'C&#225;ncer de colon hereditario del nonpolyposis', 'Hereditary nonpolyposis colon cancer', 'es');
insert into disease_displaystring (Disease_id, displayStrings_id) values (1000, 2000);

insert into disease (id, code, codeSystemName, subType, abbreviation, parent_id) values (1001, '363418001', 'SNOMED_CT', 'Cancer', 'PnC', 2);
insert into displaystring (id, appDisplay, displayName, language) values (1001, 'Pancreatic cancer', 'Pancreatic cancer', 'en');
insert into disease_displaystring (Disease_id, displayStrings_id) values (1001, 1001);
insert into displaystring (id, appDisplay, displayName, language) values (2001, 'C&#225;ncer pancre&#225;tico', 'Pancreatic cancer', 'es');
insert into disease_displaystring (Disease_id, displayStrings_id) values (1001, 2001);

insert into disease (id, code, codeSystemName, subType, abbreviation, parent_id) values (1002, '93870000', 'SNOMED_CT', 'Cancer', 'LiC', 2);
insert into displaystring (id, appDisplay, displayName, language) values (1002, 'Liver cancer', 'Liver cancer', 'en');
insert into disease_displaystring (Disease_id, displayStrings_id) values (1002, 1002);
insert into displaystring (id, appDisplay, displayName, language) values (2002, 'C&#225;ncer de h&#237;gado', 'Liver cancer', 'es');
insert into disease_displaystring (Disease_id, displayStrings_id) values (1002, 2002);

insert into disease (id, code, codeSystemName, subType, abbreviation, parent_id) values (1003, '1000000', 'SNOMED_CT', 'Cancer', 'BrC', 2);
insert into displaystring (id, appDisplay, displayName, language) values (1003, 'Brain Cancer', 'Brain Cancer', 'en');
insert into disease_displaystring (Disease_id, displayStrings_id) values (1003, 1003);
insert into displaystring (id, appDisplay, displayName, language) values (2003, 'C&#225;ncer de cerebro', 'Brain Cancer', 'es');
insert into disease_displaystring (Disease_id, displayStrings_id) values (1003, 2003);

insert into disease (id, code, codeSystemName, subType, abbreviation, parent_id) values (1004, '1000001', 'SNOMED_CT', 'Cancer', 'CrC', 2);
insert into displaystring (id, appDisplay, displayName, language) values (1004, 'Colorectal Cancer', 'Colorectal Cancer', 'en');
insert into disease_displaystring (Disease_id, displayStrings_id) values (1004, 1004);
insert into displaystring (id, appDisplay, displayName, language) values (2004, 'C&#225;ncer colorrectal', 'Colorectal Cancer', 'es');
insert into disease_displaystring (Disease_id, displayStrings_id) values (1004, 2004);

insert into disease (id, code, codeSystemName, subType, abbreviation, parent_id) values (1005, '72900001', 'SNOMED_CT', 'Cancer', 'FAP', 2);
insert into displaystring (id, appDisplay, displayName, language) values (1005, 'Familial multiple polyposis syndrome', 'Familial multiple polyposis syndrome', 'en');
insert into disease_displaystring (Disease_id, displayStrings_id) values (1005, 1005);
insert into displaystring (id, appDisplay, displayName, language) values (2005, 'S&#237;ndrome m&#250;ltiple familiar del polyposis', 'Familial multiple polyposis syndrome', 'es');
insert into disease_displaystring (Disease_id, displayStrings_id) values (1005, 2005);

insert into disease (id, subType, abbreviation, originalText, parent_id) values (63, 'Cancer', 'CAN', 'Cancer', 2);
insert into displaystring (id, appDisplay, displayName, language) values (163, 'Other Cancer', 'Other Cancer', 'en');
insert into disease_displaystring (Disease_id, displayStrings_id) values (63, 163);
insert into displaystring (id, appDisplay, displayName, language) values (237, 'Otros tipos de C&#225;ncer', 'Other Cancer', 'es');
insert into disease_displaystring (Disease_id, displayStrings_id) values (63, 237);
insert into disease (id, subType, abbreviation, originalText, parent_id) values (78, 'Cancer', 'UCAN', 'Unknown', 2);
insert into displaystring (id, appDisplay, displayName, language) values (284, 'Unknown Cancer', 'Unknown Cancer', 'en');
insert into disease_displaystring (Disease_id, displayStrings_id) values (78, 284);
insert into displaystring (id, appDisplay, displayName, language) values (285, 'C&#225;ncer desconocida', 'Unknown Cancer', 'es');
insert into disease_displaystring (Disease_id, displayStrings_id) values (78, 285);

-- GI subtypes (id 4)
insert into disease (id, code, codeSystemName, subType, abbreviation, parent_id) values (64, '68496003', 'SNOMED_CT', 'Gastrointestinal Disorder', 'GI', 4);
insert into displaystring (id, appDisplay, displayName, language) values (164, 'Colon Polyp', 'Colon Polyp', 'en');
insert into disease_displaystring (Disease_id, displayStrings_id) values (64, 164);
insert into displaystring (id, appDisplay, displayName, language) values (238, 'Poliposis de Colon', 'Colon Polyp', 'es');
insert into disease_displaystring (Disease_id, displayStrings_id) values (64, 238);
insert into disease (id, code, codeSystemName, subType, abbreviation, parent_id) values (65, '34000006', 'SNOMED_CT', 'Gastrointestinal Disorder', 'Crd', 4);
insert into displaystring (id, appDisplay, displayName, language) values (165, 'Crohn\'s Disease', 'Crohn\'s Disease', 'en');
insert into disease_displaystring (Disease_id, displayStrings_id) values (65, 165);
insert into displaystring (id, appDisplay, displayName, language) values (239, 'Enfermedad de Crohn', 'Crohn\'s Disease', 'es');
insert into disease_displaystring (Disease_id, displayStrings_id) values (65, 239);
insert into disease (id, code, codeSystemName, subType, abbreviation, parent_id) values (66, '10743008', 'SNOMED_CT', 'Gastrointestinal Disorder', 'IBS', 4);
insert into displaystring (id, appDisplay, displayName, language) values (166, 'Irritable Bowel Syndrome', 'Irritable Bowel Syndrome', 'en');
insert into disease_displaystring (Disease_id, displayStrings_id) values (66, 166);
insert into displaystring (id, appDisplay, displayName, language) values (240, 'S&#237;ndrome de Colon Irritable', 'Irritable Bowel Syndrome', 'es');
insert into disease_displaystring (Disease_id, displayStrings_id) values (66, 240);
insert into disease (id, code, codeSystemName, subType, abbreviation, parent_id) values (67, '64766004', 'SNOMED_CT', 'Gastrointestinal Disorder', 'Ulc', 4);
insert into displaystring (id, appDisplay, displayName, language) values (167, 'Ulcerative Colitis', 'Ulcerative Colitis', 'en');
insert into disease_displaystring (Disease_id, displayStrings_id) values (67, 167);
insert into displaystring (id, appDisplay, displayName, language) values (241, 'Colitis Ulcerativa Cr&#243;nica Inespec&#237;fica', 'Ulcerative Colitis', 'es');
insert into disease_displaystring (Disease_id, displayStrings_id) values (67, 241);
insert into disease (id, code, codeSystemName, subType, abbreviation, parent_id) values (68, '119292006', 'SNOMED_CT', 'Gastrointestinal Disorder', 'GI', 4);
insert into displaystring (id, appDisplay, displayName, language) values (168, 'Gastrointestinal Disorder', 'Gastrointestinal Disorder', 'en');
insert into disease_displaystring (Disease_id, displayStrings_id) values (68, 168);
insert into displaystring (id, appDisplay, displayName, language) values (242, 'Enfermedades Gastrointestinales', 'Gastrointestinal Disorder', 'es');
insert into disease_displaystring (Disease_id, displayStrings_id) values (68, 242);
insert into disease (id, subType, abbreviation, originalText, parent_id) values (79, 'Gastrointestinal Disorder', 'UGI', 'Unknown', 4);
insert into displaystring (id, appDisplay, displayName, language) values (286, 'Unknown Gastrointestinal Disorder', 'Unknown Gastrointestinal Disorder', 'en');
insert into disease_displaystring (Disease_id, displayStrings_id) values (79, 286);
insert into displaystring (id, appDisplay, displayName, language) values (287, 'Enfermedad del Aparato Digestivo desconocida', 'Unknown Gastrointestinal Disorder', 'es');
insert into disease_displaystring (Disease_id, displayStrings_id) values (79, 287);

-- heart disease subtypes (id 5)
insert into disease (id, code, codeSystemName, subType, abbreviation, parent_id) values (69, '56265001', 'SNOMED_CT', 'Heart Disease', 'HD', 5);
insert into displaystring (id, appDisplay, displayName, language) values (169, 'Heart Disease', 'Heart Disease', 'en');
insert into disease_displaystring (Disease_id, displayStrings_id) values (69, 169);
insert into displaystring (id, appDisplay, displayName, language) values (243, 'Enfermedades del Coraz&#243;n', 'Heart Disease', 'es');
insert into disease_displaystring (Disease_id, displayStrings_id) values (69, 243);
insert into disease (id, code, codeSystemName, subType, abbreviation, parent_id) values (70, '22298006', 'SNOMED_CT', 'Heart Disease', 'HA', 5);
insert into displaystring (id, appDisplay, displayName, language) values (170, 'Heart Attack', 'Heart Attack', 'en');
insert into disease_displaystring (Disease_id, displayStrings_id) values (70, 170);
insert into displaystring (id, appDisplay, displayName, language) values (244, 'Infarto Agudo al Miocardio', 'Heart Attack', 'es');
insert into disease_displaystring (Disease_id, displayStrings_id) values (70, 244);
insert into disease (id, code, codeSystemName, subType, abbreviation, parent_id) values (75, '53741008', 'SNOMED_CT', 'Heart Disease', 'CAD', 5);
insert into displaystring (id, appDisplay, displayName, language) values (278, 'Coronary Artery Disease', 'Coronary Artery Disease', 'en');
insert into disease_displaystring (Disease_id, displayStrings_id) values (75, 278);
insert into displaystring (id, appDisplay, displayName, language) values (279, 'Enfermedad de la arteria coronaria', 'Coronary Artery Disease', 'es');
insert into disease_displaystring (Disease_id, displayStrings_id) values (75, 279);
insert into disease (id, code, codeSystemName, subType, abbreviation, parent_id) values (76, '194828000', 'SNOMED_CT', 'Heart Disease', 'AP', 5);
insert into displaystring (id, appDisplay, displayName, language) values (280, 'Angina', 'Angina', 'en');
insert into disease_displaystring (Disease_id, displayStrings_id) values (76, 280);
insert into displaystring (id, appDisplay, displayName, language) values (281, 'Angina', 'Angina', 'es');
insert into disease_displaystring (Disease_id, displayStrings_id) values (76, 281);
insert into disease (id, subType, abbreviation, originalText, parent_id) values (80, 'Heart Disease', 'UHD', 'Unknwon', 5);
insert into displaystring (id, appDisplay, displayName, language) values (288, 'Unknown Heart Disease', 'Unknown Heart Disease', 'en');
insert into disease_displaystring (Disease_id, displayStrings_id) values (80, 288);
insert into displaystring (id, appDisplay, displayName, language) values (289, 'Enfermedades del Coraz&#243;n desconocida', 'Unknown Heart Disease', 'es');
insert into disease_displaystring (Disease_id, displayStrings_id) values (80, 289);

-- blood clot subtypes (id 1)
insert into disease (id, code, codeSystemName, subType, abbreviation, parent_id) values (71, '128053003', 'SNOMED_CT', 'Blood Clot', 'DVT', 1);
insert into displaystring (id, appDisplay, displayName, language) values (171, 'Deep Vein Thrombosis (DVT)', 'Deep Vein Thrombosis (DVT)', 'en');
insert into disease_displaystring (Disease_id, displayStrings_id) values (71, 171);
insert into displaystring (id, appDisplay, displayName, language) values (245, 'Trombosis Venosa Profunda', 'Deep Vein Thrombosis (DVT)', 'es');
insert into disease_displaystring (Disease_id, displayStrings_id) values (71, 245);
insert into disease (id, code, codeSystemName, subType, abbreviation, parent_id) values (72, '59282003', 'SNOMED_CT', 'Blood Clot', 'PE', 1);
insert into displaystring (id, appDisplay, displayName, language) values (172, 'Pulmonary Embolism', 'Pulmonary Embolism', 'en');
insert into disease_displaystring (Disease_id, displayStrings_id) values (72, 172);
insert into displaystring (id, appDisplay, displayName, language) values (246, 'Trombosis Pulmonar', 'Pulmonary Embolism', 'es');
insert into disease_displaystring (Disease_id, displayStrings_id) values (72, 246);
insert into disease (id, code, codeSystemName, subType, abbreviation, parent_id) values (73, '4779008', 'SNOMED_CT', 'Blood Clot', 'BD', 1);
insert into displaystring (id, appDisplay, displayName, language) values (173, 'Clotting Disorder', 'Clotting Disorder', 'en');
insert into disease_displaystring (Disease_id, displayStrings_id) values (73, 173);
insert into displaystring (id, appDisplay, displayName, language) values (247, 'Trastorno de coagulaci&#243;n sangu&#237;nea', 'Clotting Disorder', 'es');
insert into disease_displaystring (Disease_id, displayStrings_id) values (73, 247);
insert into disease (id, subType, abbreviation, originalText, parent_id) values (81, 'Blood Clot', 'UCD', 'Unknown', 1);
insert into displaystring (id, appDisplay, displayName, language) values (290, 'Unknown Clotting Disorder', 'Unknown Clotting Disorder', 'en');
insert into disease_displaystring (Disease_id, displayStrings_id) values (81, 290);
insert into displaystring (id, appDisplay, displayName, language) values (291, 'Trastorno de coagulaci&#243;n sangu&#237;nea desconocida', 'Unknown Clotting Disorder', 'es');
insert into disease_displaystring (Disease_id, displayStrings_id) values (81, 291);

-- Unknown disease
insert into disease (id, codeSystemName, originalText, subType, abbreviation) values (74, 'SNOMED_CT', 'Unknown', 'Disease', 'Ukn');
insert into displaystring (id, appDisplay, displayName, language) values (175, 'Unknown Disease', 'Unknown Disease', 'en');
insert into disease_displaystring (Disease_id, displayStrings_id) values (74, 175);
insert into displaystring (id, appDisplay, displayName, language) values (248, 'Enfermedad desconocida', 'Unknown Disease', 'es');
insert into disease_displaystring (Disease_id, displayStrings_id) values (74, 248);

commit;
