
INSERT INTO codesystem (id, commonName, name, version) VALUES (1,'SNOMED COMPLETE','SNOMED_CT', '3');

INSERT INTO code (id, codeName, status, codeSystem_id) VALUES (1,'55822004','ACTIVE',1);
INSERT INTO code (id, codeName, status, codeSystem_id) VALUES (2,'38341003','ACTIVE',1);
INSERT INTO code (id, codeName, status, codeSystem_id) VALUES (3,'19829001','ACTIVE',1);
INSERT INTO code (id, codeName, status, codeSystem_id) VALUES (4,'26929004','ACTIVE',1);
INSERT INTO code (id, codeName, status, codeSystem_id) VALUES (5,'64859006','ACTIVE',1);
INSERT INTO code (id, codeName, status, codeSystem_id) VALUES (6,'105592009','ACTIVE',1);
INSERT INTO code (id, codeName, status, codeSystem_id) VALUES (7,'116288000','ACTIVE',1);
INSERT INTO code (id, codeName, status, codeSystem_id) VALUES (8,'51178009','ACTIVE',1);
INSERT INTO code (id, codeName, status, codeSystem_id) VALUES (9,'46635009','ACTIVE',1);
INSERT INTO code (id, codeName, status, codeSystem_id) VALUES (10,'44054006','ACTIVE',1);
INSERT INTO code (id, codeName, status, codeSystem_id) VALUES (11,'11687002','ACTIVE',1);
INSERT INTO code (id, codeName, status, codeSystem_id) VALUES (12,'73211009','ACTIVE',1);
INSERT INTO code (id, codeName, status, codeSystem_id) VALUES (13,'197480006','ACTIVE',1);
INSERT INTO code (id, codeName, status, codeSystem_id) VALUES (14,'406506008','ACTIVE',1);
INSERT INTO code (id, codeName, status, codeSystem_id) VALUES (15,'408856003','ACTIVE',1);
INSERT INTO code (id, codeName, status, codeSystem_id) VALUES (16,'13746004 ','ACTIVE',1);
INSERT INTO code (id, codeName, status, codeSystem_id) VALUES (17,'52448006','ACTIVE',1);
INSERT INTO code (id, codeName, status, codeSystem_id) VALUES (18,'35489007','ACTIVE',1);
INSERT INTO code (id, codeName, status, codeSystem_id) VALUES (19,'72366004 ','ACTIVE',1);
INSERT INTO code (id, codeName, status, codeSystem_id) VALUES (20,'191736004','ACTIVE',1);
INSERT INTO code (id, codeName, status, codeSystem_id) VALUES (21,'371631005','ACTIVE',1);
INSERT INTO code (id, codeName, status, codeSystem_id) VALUES (22,'33449004 ','ACTIVE',1);
INSERT INTO code (id, codeName, status, codeSystem_id) VALUES (23,'47505003 ','ACTIVE',1);
INSERT INTO code (id, codeName, status, codeSystem_id) VALUES (24,'58214004','ACTIVE',1);
INSERT INTO code (id, codeName, status, codeSystem_id) VALUES (25,'25501002','ACTIVE',1);
INSERT INTO code (id, codeName, status, codeSystem_id) VALUES (26,'74732009','ACTIVE',1);
INSERT INTO code (id, codeName, status, codeSystem_id) VALUES (27,'195967001','ACTIVE',1);
INSERT INTO code (id, codeName, status, codeSystem_id) VALUES (28,'63480004','ACTIVE',1);
INSERT INTO code (id, codeName, status, codeSystem_id) VALUES (29,'196229000','ACTIVE',1);
INSERT INTO code (id, codeName, status, codeSystem_id) VALUES (30,'13645005','ACTIVE',1);
INSERT INTO code (id, codeName, status, codeSystem_id) VALUES (31,'87433001 ','ACTIVE',1);
INSERT INTO code (id, codeName, status, codeSystem_id) VALUES (32,'195878008 ','ACTIVE',1);
INSERT INTO code (id, codeName, status, codeSystem_id) VALUES (33,'236439005','ACTIVE',1);
INSERT INTO code (id, codeName, status, codeSystem_id) VALUES (34,'127013003','ACTIVE',1);
INSERT INTO code (id, codeName, status, codeSystem_id) VALUES (35,'52845002','ACTIVE',1);
INSERT INTO code (id, codeName, status, codeSystem_id) VALUES (36,'52254009','ACTIVE',1);
INSERT INTO code (id, codeName, status, codeSystem_id) VALUES (37,'82525005','ACTIVE',1);
INSERT INTO code (id, codeName, status, codeSystem_id) VALUES (38,'269466003','ACTIVE',1);
INSERT INTO code (id, codeName, status, codeSystem_id) VALUES (39,'254837009','ACTIVE',1);
INSERT INTO code (id, codeName, status, codeSystem_id) VALUES (40,'363406005','ACTIVE',1);
INSERT INTO code (id, codeName, status, codeSystem_id) VALUES (41,'363402007','ACTIVE',1);
INSERT INTO code (id, codeName, status, codeSystem_id) VALUES (42,'363349007','ACTIVE',1);
INSERT INTO code (id, codeName, status, codeSystem_id) VALUES (43,'363518003','ACTIVE',1);
INSERT INTO code (id, codeName, status, codeSystem_id) VALUES (44,'93143009','ACTIVE',1);
INSERT INTO code (id, codeName, status, codeSystem_id) VALUES (45,'363358000','ACTIVE',1);
INSERT INTO code (id, codeName, status, codeSystem_id) VALUES (46,'363495004','ACTIVE',1);
INSERT INTO code (id, codeName, status, codeSystem_id) VALUES (47,'363443007','ACTIVE',1);
INSERT INTO code (id, codeName, status, codeSystem_id) VALUES (48,'399068003','ACTIVE',1);
INSERT INTO code (id, codeName, status, codeSystem_id) VALUES (49,'372130007','ACTIVE',1);
INSERT INTO code (id, codeName, status, codeSystem_id) VALUES (50,'363478007','ACTIVE',1);
INSERT INTO code (id, codeName, status, codeSystem_id) VALUES (51,'371973000','ACTIVE',1);
INSERT INTO code (id, codeName, status, codeSystem_id) VALUES (52,'315058005','ACTIVE',1);
INSERT INTO code (id, codeName, status, codeSystem_id) VALUES (53,'363418001','ACTIVE',1);
INSERT INTO code (id, codeName, status, codeSystem_id) VALUES (54,'93870000','ACTIVE',1);
INSERT INTO code (id, codeName, status, codeSystem_id) VALUES (55,'1000000','ACTIVE',1);
INSERT INTO code (id, codeName, status, codeSystem_id) VALUES (56,'1000001','ACTIVE',1);
INSERT INTO code (id, codeName, status, codeSystem_id) VALUES (57,'72900001','ACTIVE',1);
INSERT INTO code (id, codeName, status, codeSystem_id) VALUES (58,'68496003','ACTIVE',1);
INSERT INTO code (id, codeName, status, codeSystem_id) VALUES (59,'34000006','ACTIVE',1);
INSERT INTO code (id, codeName, status, codeSystem_id) VALUES (60,'10743008','ACTIVE',1);
INSERT INTO code (id, codeName, status, codeSystem_id) VALUES (61,'64766004','ACTIVE',1);
INSERT INTO code (id, codeName, status, codeSystem_id) VALUES (62,'119292006','ACTIVE',1);
INSERT INTO code (id, codeName, status, codeSystem_id) VALUES (63,'56265001','ACTIVE',1);
INSERT INTO code (id, codeName, status, codeSystem_id) VALUES (64,'22298006','ACTIVE',1);
INSERT INTO code (id, codeName, status, codeSystem_id) VALUES (65,'53741008','ACTIVE',1);
INSERT INTO code (id, codeName, status, codeSystem_id) VALUES (66,'194828000','ACTIVE',1);
INSERT INTO code (id, codeName, status, codeSystem_id) VALUES (67,'128053003','ACTIVE',1);
INSERT INTO code (id, codeName, status, codeSystem_id) VALUES (68,'59282003','ACTIVE',1);
INSERT INTO code (id, codeName, status, codeSystem_id) VALUES (69,'4779008','ACTIVE',1);

INSERT INTO observation (id, name, parent_id) VALUES (1,'Clotting Disorder type',NULL);
INSERT INTO observation (id, name, parent_id) VALUES (2,'Cancer type',NULL);
INSERT INTO observation (id, name, parent_id) VALUES (3,'Diabetes type',NULL);
INSERT INTO observation (id, name, parent_id) VALUES (4,'Gastrointestinal Disorder type',NULL);
INSERT INTO observation (id, name, parent_id) VALUES (5,'Heart Disease type',NULL);
INSERT INTO observation (id, name, parent_id) VALUES (6,'High Cholesterol',NULL);
INSERT INTO observation (id, name, parent_id) VALUES (7,'Hypertension',NULL);
INSERT INTO observation (id, name, parent_id) VALUES (8,'Kidney Disease type',NULL);
INSERT INTO observation (id, name, parent_id) VALUES (9,'Lung Disease',NULL);
INSERT INTO observation (id, name, parent_id) VALUES (10,'Dementia/Alzheimer\'s',NULL);
INSERT INTO observation (id, name, parent_id) VALUES (11,'Osteoporosis',NULL);
INSERT INTO observation (id, name, parent_id) VALUES (12,'Mental Disorder type',NULL);
INSERT INTO observation (id, name, parent_id) VALUES (13,'Septicemia',NULL);
INSERT INTO observation (id, name, parent_id) VALUES (14,'Stroke/Brain Attack',NULL);
INSERT INTO observation (id, name, parent_id) VALUES (15,'Sudden Infant Death Syndrome',NULL);
INSERT INTO observation (id, name, parent_id) VALUES (16,'Other Disease type',NULL);
INSERT INTO observation (id, name, parent_id) VALUES (17,'Unknown Disease',NULL);
INSERT INTO observation (id, name, parent_id) VALUES (18,'Type 1 Diabetes',3);
INSERT INTO observation (id, name, parent_id) VALUES (19,'Type 2 Diabetes',3);
INSERT INTO observation (id, name, parent_id) VALUES (20,'Gestational Diabetes',3);
INSERT INTO observation (id, name, parent_id) VALUES (21,'Diabetes Mellitus',3);
INSERT INTO observation (id, name, parent_id) VALUES (22,'Unknown Diabetes',3);
INSERT INTO observation (id, name, parent_id) VALUES (23,'Anxiety',12);
INSERT INTO observation (id, name, parent_id) VALUES (24,'Attention Deficit Disorder-Hyperactivity',12);
INSERT INTO observation (id, name, parent_id) VALUES (25,'Autism',12);
INSERT INTO observation (id, name, parent_id) VALUES (26,'Bipolar Disorder',12);
INSERT INTO observation (id, name, parent_id) VALUES (27,'Dementia',12);
INSERT INTO observation (id, name, parent_id) VALUES (28,'Depression',12);
INSERT INTO observation (id, name, parent_id) VALUES (29,'Eating Disorder',12);
INSERT INTO observation (id, name, parent_id) VALUES (30,'Obsessive Compulsive Disorder',12);
INSERT INTO observation (id, name, parent_id) VALUES (31,'Panic Disorder',12);
INSERT INTO observation (id, name, parent_id) VALUES (32,'Personality Disorder',12);
INSERT INTO observation (id, name, parent_id) VALUES (33,'Post Traumatic Stress Disorder',12);
INSERT INTO observation (id, name, parent_id) VALUES (34,'Schizophrenia',12);
INSERT INTO observation (id, name, parent_id) VALUES (35,'Social Phobia',12);
INSERT INTO observation (id, name, parent_id) VALUES (36,'Unspecified',12);
INSERT INTO observation (id, name, parent_id) VALUES (37,'Unknown Psychological Disorder',12);
INSERT INTO observation (id, name, parent_id) VALUES (38,'Asthma',9);
INSERT INTO observation (id, name, parent_id) VALUES (39,'Chronic Bronchitis',9);
INSERT INTO observation (id, name, parent_id) VALUES (40,'Chronic Lower Respiratory Disease',9);
INSERT INTO observation (id, name, parent_id) VALUES (41,'COPD',9);
INSERT INTO observation (id, name, parent_id) VALUES (42,'Emphysema',9);
INSERT INTO observation (id, name, parent_id) VALUES (43,'Influenza/Pneumonia',9);
INSERT INTO observation (id, name, parent_id) VALUES (44,'Unknown Lung Disease',9);
INSERT INTO observation (id, name, parent_id) VALUES (45,'Cystic Kidney Disease',8);
INSERT INTO observation (id, name, parent_id) VALUES (46,'Diabetic Kidney Disease',8);
INSERT INTO observation (id, name, parent_id) VALUES (47,'Nephritis',8);
INSERT INTO observation (id, name, parent_id) VALUES (48,'Kidney Nephrosis',8);
INSERT INTO observation (id, name, parent_id) VALUES (49,'Nephrotic Syndrome',8);
INSERT INTO observation (id, name, parent_id) VALUES (50,'Unknown Kidney Disease',8);
INSERT INTO observation (id, name, parent_id) VALUES (51,'Kidney Disease Present from Birth',8);
INSERT INTO observation (id, name, parent_id) VALUES (52,'Other Kidney Disease',8);
INSERT INTO observation (id, name, parent_id) VALUES (53,'Bone Cancer',2);
INSERT INTO observation (id, name, parent_id) VALUES (54,'Breast Cancer',2);
INSERT INTO observation (id, name, parent_id) VALUES (55,'Colon Cancer',2);
INSERT INTO observation (id, name, parent_id) VALUES (56,'Esophageal Cancer',2);
INSERT INTO observation (id, name, parent_id) VALUES (57,'Gastric Cancer',2);
INSERT INTO observation (id, name, parent_id) VALUES (58,'Kidney Cancer',2);
INSERT INTO observation (id, name, parent_id) VALUES (59,'Leukemia',2);
INSERT INTO observation (id, name, parent_id) VALUES (60,'Lung Cancer',2);
INSERT INTO observation (id, name, parent_id) VALUES (61,'Muscle Cancer',2);
INSERT INTO observation (id, name, parent_id) VALUES (62,'Ovarian Cancer',2);
INSERT INTO observation (id, name, parent_id) VALUES (63,'Prostate Cancer',2);
INSERT INTO observation (id, name, parent_id) VALUES (64,'Skin Cancer',2);
INSERT INTO observation (id, name, parent_id) VALUES (65,'Thyroid Cancer',2);
INSERT INTO observation (id, name, parent_id) VALUES (66,'Uterine Cancer',2);
INSERT INTO observation (id, name, parent_id) VALUES (67,'Hereditary nonpolyposis colon cancer',2);
INSERT INTO observation (id, name, parent_id) VALUES (68,'Pancreatic cancer',2);
INSERT INTO observation (id, name, parent_id) VALUES (69,'Liver cancer',2);
INSERT INTO observation (id, name, parent_id) VALUES (70,'Brain Cancer',2);
INSERT INTO observation (id, name, parent_id) VALUES (71,'Colorectal Cancer',2);
INSERT INTO observation (id, name, parent_id) VALUES (72,'Familial multiple polyposis syndrome',2);
INSERT INTO observation (id, name, parent_id) VALUES (73,'Other Cancer',2);
INSERT INTO observation (id, name, parent_id) VALUES (74,'Unknown Cancer',2);
INSERT INTO observation (id, name, parent_id) VALUES (75,'Colon Polyp',4);
INSERT INTO observation (id, name, parent_id) VALUES (76,'Crohn\'s Disease',4);
INSERT INTO observation (id, name, parent_id) VALUES (77,'Irritable Bowel Syndrome',4);
INSERT INTO observation (id, name, parent_id) VALUES (78,'Ulcerative Colitis',4);
INSERT INTO observation (id, name, parent_id) VALUES (79,'Gastrointestinal Disorder',4);
INSERT INTO observation (id, name, parent_id) VALUES (80,'Unknown Gastrointestinal Disorder',4);
INSERT INTO observation (id, name, parent_id) VALUES (81,'Heart Disease',5);
INSERT INTO observation (id, name, parent_id) VALUES (82,'Heart Attack',5);
INSERT INTO observation (id, name, parent_id) VALUES (83,'Coronary Artery Disease',5);
INSERT INTO observation (id, name, parent_id) VALUES (84,'Angina',5);
INSERT INTO observation (id, name, parent_id) VALUES (85,'Unknown Heart Disease',5);
INSERT INTO observation (id, name, parent_id) VALUES (86,'Deep Vein Thrombosis (DVT)',1);
INSERT INTO observation (id, name, parent_id) VALUES (87,'Pulmonary Embolism',1);
INSERT INTO observation (id, name, parent_id) VALUES (88,'Clotting Disorder',1);
INSERT INTO observation (id, name, parent_id) VALUES (89,'Unknown Clotting Disorder',1);

INSERT INTO displayname (id, language, text) VALUES (1,'en','Clotting Disorder (more options...)');
INSERT INTO displayname (id, language, text) VALUES (2,'en','Cancer (more options...)');
INSERT INTO displayname (id, language, text) VALUES (3,'en','Diabetes (more options...)');
INSERT INTO displayname (id, language, text) VALUES (4,'en','Gastrointestinal Disorder  (more options...)');
INSERT INTO displayname (id, language, text) VALUES (5,'en','Heart Disease  (more options...)');
INSERT INTO displayname (id, language, text) VALUES (6,'en','High Cholesterol');
INSERT INTO displayname (id, language, text) VALUES (7,'en','Hypertension');
INSERT INTO displayname (id, language, text) VALUES (8,'en','Kidney Disease (more options...)');
INSERT INTO displayname (id, language, text) VALUES (9,'en','Lung Disease (more options...)');
INSERT INTO displayname (id, language, text) VALUES (10,'en','Dementia/Alzheimer\'s');
INSERT INTO displayname (id, language, text) VALUES (11,'en','Osteoporosis');
INSERT INTO displayname (id, language, text) VALUES (12,'en','Psychological Disorder (more options...)');
INSERT INTO displayname (id, language, text) VALUES (13,'en','Septicemia');
INSERT INTO displayname (id, language, text) VALUES (14,'en','Stroke/Brain Attack');
INSERT INTO displayname (id, language, text) VALUES (15,'en','Sudden Infant Death Syndrome');
INSERT INTO displayname (id, language, text) VALUES (16,'en','Other - Add New');
INSERT INTO displayname (id, language, text) VALUES (17,'en','Unknown Disease');
INSERT INTO displayname (id, language, text) VALUES (18,'en','Type 1 Diabetes');
INSERT INTO displayname (id, language, text) VALUES (19,'en','Type 2 Diabetes');
INSERT INTO displayname (id, language, text) VALUES (20,'en','Gestational Diabetes');
INSERT INTO displayname (id, language, text) VALUES (21,'en','Diabetes');
INSERT INTO displayname (id, language, text) VALUES (22,'en','Unknown Diabetes');
INSERT INTO displayname (id, language, text) VALUES (23,'en','Anxiety');
INSERT INTO displayname (id, language, text) VALUES (24,'en','Attention Deficit Disorder-Hyperactivity');
INSERT INTO displayname (id, language, text) VALUES (25,'en','Autism');
INSERT INTO displayname (id, language, text) VALUES (26,'en','Bipolar Disorder');
INSERT INTO displayname (id, language, text) VALUES (27,'en','Dementia');
INSERT INTO displayname (id, language, text) VALUES (28,'en','Depression');
INSERT INTO displayname (id, language, text) VALUES (29,'en','Eating Disorder');
INSERT INTO displayname (id, language, text) VALUES (30,'en','Obsessive Compulsive Disorder');
INSERT INTO displayname (id, language, text) VALUES (31,'en','Panic Disorder');
INSERT INTO displayname (id, language, text) VALUES (32,'en','Personality Disorder');
INSERT INTO displayname (id, language, text) VALUES (33,'en','Post Traumatic Stress Disorder');
INSERT INTO displayname (id, language, text) VALUES (34,'en','Schizophrenia');
INSERT INTO displayname (id, language, text) VALUES (35,'en','Social Phobia');
INSERT INTO displayname (id, language, text) VALUES (36,'en','Mental Disorder');
INSERT INTO displayname (id, language, text) VALUES (37,'en','Unknown Psychological Disorder');
INSERT INTO displayname (id, language, text) VALUES (38,'en','Asthma');
INSERT INTO displayname (id, language, text) VALUES (39,'en','Chronic Bronchitis');
INSERT INTO displayname (id, language, text) VALUES (40,'en','Chronic Lower Respiratory Disease');
INSERT INTO displayname (id, language, text) VALUES (41,'en','COPD');
INSERT INTO displayname (id, language, text) VALUES (42,'en','Emphysema');
INSERT INTO displayname (id, language, text) VALUES (43,'en','Influenza/Pneumonia');
INSERT INTO displayname (id, language, text) VALUES (44,'en','Unknown Lung Disease');
INSERT INTO displayname (id, language, text) VALUES (45,'en','Cystic Kidney Disease');
INSERT INTO displayname (id, language, text) VALUES (46,'en','Diabetic Kidney Disease');
INSERT INTO displayname (id, language, text) VALUES (47,'en','Nephritis');
INSERT INTO displayname (id, language, text) VALUES (48,'en','Kidney Nephrosis');
INSERT INTO displayname (id, language, text) VALUES (49,'en','Nephrotic Syndrome');
INSERT INTO displayname (id, language, text) VALUES (50,'en','Unknown Kidney Disease');
INSERT INTO displayname (id, language, text) VALUES (51,'en','Kidney Disease Present from Birth');
INSERT INTO displayname (id, language, text) VALUES (52,'en','Other Kidney Disease');
INSERT INTO displayname (id, language, text) VALUES (53,'en','Bone Cancer');
INSERT INTO displayname (id, language, text) VALUES (54,'en','Breast Cancer');
INSERT INTO displayname (id, language, text) VALUES (55,'en','Colon Cancer');
INSERT INTO displayname (id, language, text) VALUES (56,'en','Esophageal Cancer');
INSERT INTO displayname (id, language, text) VALUES (57,'en','Gastric Cancer');
INSERT INTO displayname (id, language, text) VALUES (58,'en','Kidney Cancer');
INSERT INTO displayname (id, language, text) VALUES (59,'en','Leukemia');
INSERT INTO displayname (id, language, text) VALUES (60,'en','Lung Cancer');
INSERT INTO displayname (id, language, text) VALUES (61,'en','Muscle Cancer');
INSERT INTO displayname (id, language, text) VALUES (62,'en','Ovarian Cancer');
INSERT INTO displayname (id, language, text) VALUES (63,'en','Prostate Cancer');
INSERT INTO displayname (id, language, text) VALUES (64,'en','Skin Cancer');
INSERT INTO displayname (id, language, text) VALUES (65,'en','Thyroid Cancer');
INSERT INTO displayname (id, language, text) VALUES (66,'en','Uterine Cancer');
INSERT INTO displayname (id, language, text) VALUES (67,'en','Hereditary nonpolyposis colon cancer');
INSERT INTO displayname (id, language, text) VALUES (68,'en','Pancreatic cancer');
INSERT INTO displayname (id, language, text) VALUES (69,'en','Liver cancer');
INSERT INTO displayname (id, language, text) VALUES (70,'en','Brain Cancer');
INSERT INTO displayname (id, language, text) VALUES (71,'en','Colorectal Cancer');
INSERT INTO displayname (id, language, text) VALUES (72,'en','Familial multiple polyposis syndrome');
INSERT INTO displayname (id, language, text) VALUES (73,'en','Other Cancer');
INSERT INTO displayname (id, language, text) VALUES (74,'en','Unknown Cancer');
INSERT INTO displayname (id, language, text) VALUES (75,'en','Colon Polyp');
INSERT INTO displayname (id, language, text) VALUES (76,'en','Crohn\'s Disease');
INSERT INTO displayname (id, language, text) VALUES (77,'en','Irritable Bowel Syndrome');
INSERT INTO displayname (id, language, text) VALUES (78,'en','Ulcerative Colitis');
INSERT INTO displayname (id, language, text) VALUES (79,'en','Gastrointestinal Disorder');
INSERT INTO displayname (id, language, text) VALUES (80,'en','Unknown Gastrointestinal Disorder');
INSERT INTO displayname (id, language, text) VALUES (81,'en','Heart Disease');
INSERT INTO displayname (id, language, text) VALUES (82,'en','Heart Attack');
INSERT INTO displayname (id, language, text) VALUES (83,'en','Coronary Artery Disease');
INSERT INTO displayname (id, language, text) VALUES (84,'en','Angina');
INSERT INTO displayname (id, language, text) VALUES (85,'en','Unknown Heart Disease');
INSERT INTO displayname (id, language, text) VALUES (86,'en','Deep Vein Thrombosis (DVT)');
INSERT INTO displayname (id, language, text) VALUES (87,'en','Pulmonary Embolism');
INSERT INTO displayname (id, language, text) VALUES (88,'en','Clotting Disorder');
INSERT INTO displayname (id, language, text) VALUES (89,'en','Unknown Clotting Disorder');
INSERT INTO displayname (id, language, text) VALUES (90,'es','Trastorno de coagulaci&#243;n sangu&#237;nea (m&#225;s opciones ...)');
INSERT INTO displayname (id, language, text) VALUES (91,'es','C&#225;ncer (m&#225;s opciones ...)');
INSERT INTO displayname (id, language, text) VALUES (92,'es','Diabetes (m&#225;s opciones ...)');
INSERT INTO displayname (id, language, text) VALUES (93,'es','Enfermedad del Aparato Digestivo (m&#225;s opciones ...)');
INSERT INTO displayname (id, language, text) VALUES (94,'es','Enfermedades del Coraz&#243;n (m&#225;s opciones ...)');
INSERT INTO displayname (id, language, text) VALUES (95,'es','Colesterol alto');
INSERT INTO displayname (id, language, text) VALUES (96,'es','Hipertensi&#243;n Arterial');
INSERT INTO displayname (id, language, text) VALUES (97,'es','Enfermedades de los Ri&#241;ones (m&#225;s opciones ...)');
INSERT INTO displayname (id, language, text) VALUES (98,'es','Enfermedades pulmonares (m&#225;s opciones ...)');
INSERT INTO displayname (id, language, text) VALUES (99,'es','Demencia Senil/ Enfermedad de Alzheimer');
INSERT INTO displayname (id, language, text) VALUES (100,'es','Osteoporosis');
INSERT INTO displayname (id, language, text) VALUES (101,'es','Trastornos psicol&#243;gicos (m&#225;s opciones ...)');
INSERT INTO displayname (id, language, text) VALUES (102,'es','Septicemia');
INSERT INTO displayname (id, language, text) VALUES (103,'es','Enfermedad Vascular Cerebral');
INSERT INTO displayname (id, language, text) VALUES (104,'es','S&#237;ndrome de muerte s&#250;bita infantil');
INSERT INTO displayname (id, language, text) VALUES (105,'es','Otros - A&#241;adir');
INSERT INTO displayname (id, language, text) VALUES (106,'es','Enfermedad desconocida');
INSERT INTO displayname (id, language, text) VALUES (107,'es','Diabetes Mellitus Tipo I');
INSERT INTO displayname (id, language, text) VALUES (108,'es','Diabetes Mellitus Tipo 2');
INSERT INTO displayname (id, language, text) VALUES (109,'es','Diabetes del Embarazo');
INSERT INTO displayname (id, language, text) VALUES (110,'es','Diabetes');
INSERT INTO displayname (id, language, text) VALUES (111,'es','Diabetes desconocida');
INSERT INTO displayname (id, language, text) VALUES (112,'es','Ansiedad');
INSERT INTO displayname (id, language, text) VALUES (113,'es','Trastorno d&#233;ficit de atenci&#243;n');
INSERT INTO displayname (id, language, text) VALUES (114,'es','Trastorno Bipolar');
INSERT INTO displayname (id, language, text) VALUES (115,'es','Demencia');
INSERT INTO displayname (id, language, text) VALUES (116,'es','Depresi&#243;n');
INSERT INTO displayname (id, language, text) VALUES (117,'es','Trastornos de la conducta alimentaria');
INSERT INTO displayname (id, language, text) VALUES (118,'es','Trastorno Obsesivo Compulsivo');
INSERT INTO displayname (id, language, text) VALUES (119,'es','Episodios de P&#225;nico');
INSERT INTO displayname (id, language, text) VALUES (120,'es','Trastorno de la Personalidad');
INSERT INTO displayname (id, language, text) VALUES (121,'es','S&#237;ndrome de Estr&#233;s Postraum&#225;tico');
INSERT INTO displayname (id, language, text) VALUES (122,'es','Esquizofrenia');
INSERT INTO displayname (id, language, text) VALUES (123,'es','Fobias');
INSERT INTO displayname (id, language, text) VALUES (124,'es','Enfermedades mentales');
INSERT INTO displayname (id, language, text) VALUES (125,'es','Trastornos psicol&#243;gicos desconocida');
INSERT INTO displayname (id, language, text) VALUES (126,'es','Asma');
INSERT INTO displayname (id, language, text) VALUES (127,'es','Bronquitis Cr&#243;nica');
INSERT INTO displayname (id, language, text) VALUES (128,'es','Enfermedad Pulmonar de V&#237;as a&#233;reas peque&#241;as');
INSERT INTO displayname (id, language, text) VALUES (129,'es','Enfermedad Pulmonar Obstructiva Cr&#243;nica');
INSERT INTO displayname (id, language, text) VALUES (130,'es','Enfisema Pulmonar');
INSERT INTO displayname (id, language, text) VALUES (131,'es','Influenza/ Bronconeumon&#237;a');
INSERT INTO displayname (id, language, text) VALUES (132,'es','Enfermedades pulmonares desconocida');
INSERT INTO displayname (id, language, text) VALUES (133,'es','Ri&#241;&#243;n Poliqu&#237;stico');
INSERT INTO displayname (id, language, text) VALUES (134,'es','Nefropat&#237;a Diab&#233;tica');
INSERT INTO displayname (id, language, text) VALUES (135,'es','Nefritis');
INSERT INTO displayname (id, language, text) VALUES (136,'es','Nefrosis de ri&#241;&#243;n');
INSERT INTO displayname (id, language, text) VALUES (137,'es','S&#237;ndrome Nefr&#243;tico');
INSERT INTO displayname (id, language, text) VALUES (138,'es','Enfermedades de los Ri&#241;ones desconocida');
INSERT INTO displayname (id, language, text) VALUES (139,'es','Enfermedad renal que inicia desde el nacimiento');
INSERT INTO displayname (id, language, text) VALUES (140,'es','Otras enfermedades renales');
INSERT INTO displayname (id, language, text) VALUES (141,'es','C&#225;ncer &#243;seo');
INSERT INTO displayname (id, language, text) VALUES (142,'es','C&#225;ncer de Mama');
INSERT INTO displayname (id, language, text) VALUES (143,'es','C&#225;ncer de Colon');
INSERT INTO displayname (id, language, text) VALUES (144,'es','C&#225;ncer de Es&#243;fago');
INSERT INTO displayname (id, language, text) VALUES (145,'es','C&#225;ncer G&#225;strico');
INSERT INTO displayname (id, language, text) VALUES (146,'es','C&#225;ncer renal');
INSERT INTO displayname (id, language, text) VALUES (147,'es','Leucemia');
INSERT INTO displayname (id, language, text) VALUES (148,'es','C&#225;ncer de Pulm&#243;n');
INSERT INTO displayname (id, language, text) VALUES (149,'es','C&#225;ncer de M&#250;sculo ');
INSERT INTO displayname (id, language, text) VALUES (150,'es','C&#225;ncer de Ovario');
INSERT INTO displayname (id, language, text) VALUES (151,'es','C&#225;ncer de Pr&#243;stata');
INSERT INTO displayname (id, language, text) VALUES (152,'es','C&#225;ncer de Piel');
INSERT INTO displayname (id, language, text) VALUES (153,'es','C&#225;ncer de Tiroides');
INSERT INTO displayname (id, language, text) VALUES (154,'es','C&#225;ncer Cervicouterino');
INSERT INTO displayname (id, language, text) VALUES (155,'es','C&#225;ncer de colon hereditario del nonpolyposis');
INSERT INTO displayname (id, language, text) VALUES (156,'es','C&#225;ncer pancre&#225;tico');
INSERT INTO displayname (id, language, text) VALUES (157,'es','C&#225;ncer de h&#237;gado');
INSERT INTO displayname (id, language, text) VALUES (158,'es','C&#225;ncer de cerebro');
INSERT INTO displayname (id, language, text) VALUES (159,'es','C&#225;ncer colorrectal');
INSERT INTO displayname (id, language, text) VALUES (160,'es','S&#237;ndrome m&#250;ltiple familiar del polyposis');
INSERT INTO displayname (id, language, text) VALUES (161,'es','Otros tipos de C&#225;ncer');
INSERT INTO displayname (id, language, text) VALUES (162,'es','C&#225;ncer desconocida');
INSERT INTO displayname (id, language, text) VALUES (163,'es','Poliposis de Colon');
INSERT INTO displayname (id, language, text) VALUES (164,'es','Enfermedad de Crohn');
INSERT INTO displayname (id, language, text) VALUES (165,'es','S&#237;ndrome de Colon Irritable');
INSERT INTO displayname (id, language, text) VALUES (166,'es','Colitis Ulcerativa Cr&#243;nica Inespec&#237;fica');
INSERT INTO displayname (id, language, text) VALUES (167,'es','Enfermedades Gastrointestinales');
INSERT INTO displayname (id, language, text) VALUES (168,'es','Enfermedad del Aparato Digestivo desconocida');
INSERT INTO displayname (id, language, text) VALUES (169,'es','Enfermedades del Coraz&#243;n');
INSERT INTO displayname (id, language, text) VALUES (170,'es','Infarto Agudo al Miocardio');
INSERT INTO displayname (id, language, text) VALUES (171,'es','Enfermedad de la arteria coronaria');
INSERT INTO displayname (id, language, text) VALUES (172,'es','Angina');
INSERT INTO displayname (id, language, text) VALUES (173,'es','Enfermedades del Coraz&#243;n desconocida');
INSERT INTO displayname (id, language, text) VALUES (174,'es','Trombosis Venosa Profunda');
INSERT INTO displayname (id, language, text) VALUES (175,'es','Trombosis Pulmonar');
INSERT INTO displayname (id, language, text) VALUES (176,'es','Trastorno de coagulaci&#243;n sangu&#237;nea');
INSERT INTO displayname (id, language, text) VALUES (177,'es','Trastorno de coagulaci&#243;n sangu&#237;nea desconocida');

INSERT INTO observation_code (observation_id, codes_id) VALUES (6,1);
INSERT INTO observation_code (observation_id, codes_id) VALUES (7,2);
INSERT INTO observation_code (observation_id, codes_id) VALUES (9,3);
INSERT INTO observation_code (observation_id, codes_id) VALUES (10,4);
INSERT INTO observation_code (observation_id, codes_id) VALUES (11,5);
INSERT INTO observation_code (observation_id, codes_id) VALUES (13,6);
INSERT INTO observation_code (observation_id, codes_id) VALUES (14,7);
INSERT INTO observation_code (observation_id, codes_id) VALUES (15,8);
INSERT INTO observation_code (observation_id, codes_id) VALUES (18,9);
INSERT INTO observation_code (observation_id, codes_id) VALUES (19,10);
INSERT INTO observation_code (observation_id, codes_id) VALUES (20,11);
INSERT INTO observation_code (observation_id, codes_id) VALUES (21,12);
INSERT INTO observation_code (observation_id, codes_id) VALUES (23,13);
INSERT INTO observation_code (observation_id, codes_id) VALUES (24,14);
INSERT INTO observation_code (observation_id, codes_id) VALUES (25,15);
INSERT INTO observation_code (observation_id, codes_id) VALUES (26,16);
INSERT INTO observation_code (observation_id, codes_id) VALUES (27,17);
INSERT INTO observation_code (observation_id, codes_id) VALUES (28,18);
INSERT INTO observation_code (observation_id, codes_id) VALUES (29,19);
INSERT INTO observation_code (observation_id, codes_id) VALUES (30,20);
INSERT INTO observation_code (observation_id, codes_id) VALUES (31,21);
INSERT INTO observation_code (observation_id, codes_id) VALUES (32,22);
INSERT INTO observation_code (observation_id, codes_id) VALUES (33,23);
INSERT INTO observation_code (observation_id, codes_id) VALUES (34,24);
INSERT INTO observation_code (observation_id, codes_id) VALUES (35,25);
INSERT INTO observation_code (observation_id, codes_id) VALUES (36,26);
INSERT INTO observation_code (observation_id, codes_id) VALUES (38,27);
INSERT INTO observation_code (observation_id, codes_id) VALUES (39,28);
INSERT INTO observation_code (observation_id, codes_id) VALUES (40,29);
INSERT INTO observation_code (observation_id, codes_id) VALUES (41,30);
INSERT INTO observation_code (observation_id, codes_id) VALUES (42,31);
INSERT INTO observation_code (observation_id, codes_id) VALUES (43,32);
INSERT INTO observation_code (observation_id, codes_id) VALUES (45,33);
INSERT INTO observation_code (observation_id, codes_id) VALUES (46,34);
INSERT INTO observation_code (observation_id, codes_id) VALUES (47,35);
INSERT INTO observation_code (observation_id, codes_id) VALUES (49,36);
INSERT INTO observation_code (observation_id, codes_id) VALUES (51,37);
INSERT INTO observation_code (observation_id, codes_id) VALUES (53,38);
INSERT INTO observation_code (observation_id, codes_id) VALUES (54,39);
INSERT INTO observation_code (observation_id, codes_id) VALUES (55,40);
INSERT INTO observation_code (observation_id, codes_id) VALUES (56,41);
INSERT INTO observation_code (observation_id, codes_id) VALUES (57,42);
INSERT INTO observation_code (observation_id, codes_id) VALUES (58,43);
INSERT INTO observation_code (observation_id, codes_id) VALUES (59,44);
INSERT INTO observation_code (observation_id, codes_id) VALUES (60,45);
INSERT INTO observation_code (observation_id, codes_id) VALUES (61,46);
INSERT INTO observation_code (observation_id, codes_id) VALUES (62,47);
INSERT INTO observation_code (observation_id, codes_id) VALUES (63,48);
INSERT INTO observation_code (observation_id, codes_id) VALUES (64,49);
INSERT INTO observation_code (observation_id, codes_id) VALUES (65,50);
INSERT INTO observation_code (observation_id, codes_id) VALUES (66,51);
INSERT INTO observation_code (observation_id, codes_id) VALUES (67,52);
INSERT INTO observation_code (observation_id, codes_id) VALUES (68,53);
INSERT INTO observation_code (observation_id, codes_id) VALUES (69,54);
INSERT INTO observation_code (observation_id, codes_id) VALUES (70,55);
INSERT INTO observation_code (observation_id, codes_id) VALUES (71,56);
INSERT INTO observation_code (observation_id, codes_id) VALUES (72,57);
INSERT INTO observation_code (observation_id, codes_id) VALUES (75,58);
INSERT INTO observation_code (observation_id, codes_id) VALUES (76,59);
INSERT INTO observation_code (observation_id, codes_id) VALUES (77,60);
INSERT INTO observation_code (observation_id, codes_id) VALUES (78,61);
INSERT INTO observation_code (observation_id, codes_id) VALUES (79,62);
INSERT INTO observation_code (observation_id, codes_id) VALUES (81,63);
INSERT INTO observation_code (observation_id, codes_id) VALUES (82,64);
INSERT INTO observation_code (observation_id, codes_id) VALUES (83,65);
INSERT INTO observation_code (observation_id, codes_id) VALUES (84,66);
INSERT INTO observation_code (observation_id, codes_id) VALUES (86,67);
INSERT INTO observation_code (observation_id, codes_id) VALUES (87,68);
INSERT INTO observation_code (observation_id, codes_id) VALUES (88,69);

INSERT INTO observation_displayname (observation_id, displayNames_id) VALUES (1,1);
INSERT INTO observation_displayname (observation_id, displayNames_id) VALUES (1,90);
INSERT INTO observation_displayname (observation_id, displayNames_id) VALUES (2,2);
INSERT INTO observation_displayname (observation_id, displayNames_id) VALUES (2,91);
INSERT INTO observation_displayname (observation_id, displayNames_id) VALUES (3,3);
INSERT INTO observation_displayname (observation_id, displayNames_id) VALUES (3,92);
INSERT INTO observation_displayname (observation_id, displayNames_id) VALUES (4,4);
INSERT INTO observation_displayname (observation_id, displayNames_id) VALUES (4,93);
INSERT INTO observation_displayname (observation_id, displayNames_id) VALUES (5,5);
INSERT INTO observation_displayname (observation_id, displayNames_id) VALUES (5,94);
INSERT INTO observation_displayname (observation_id, displayNames_id) VALUES (6,6);
INSERT INTO observation_displayname (observation_id, displayNames_id) VALUES (6,95);
INSERT INTO observation_displayname (observation_id, displayNames_id) VALUES (7,7);
INSERT INTO observation_displayname (observation_id, displayNames_id) VALUES (7,96);
INSERT INTO observation_displayname (observation_id, displayNames_id) VALUES (8,8);
INSERT INTO observation_displayname (observation_id, displayNames_id) VALUES (8,97);
INSERT INTO observation_displayname (observation_id, displayNames_id) VALUES (9,9);
INSERT INTO observation_displayname (observation_id, displayNames_id) VALUES (9,98);
INSERT INTO observation_displayname (observation_id, displayNames_id) VALUES (10,10);
INSERT INTO observation_displayname (observation_id, displayNames_id) VALUES (10,99);
INSERT INTO observation_displayname (observation_id, displayNames_id) VALUES (11,11);
INSERT INTO observation_displayname (observation_id, displayNames_id) VALUES (11,100);
INSERT INTO observation_displayname (observation_id, displayNames_id) VALUES (12,12);
INSERT INTO observation_displayname (observation_id, displayNames_id) VALUES (12,101);
INSERT INTO observation_displayname (observation_id, displayNames_id) VALUES (13,13);
INSERT INTO observation_displayname (observation_id, displayNames_id) VALUES (13,102);
INSERT INTO observation_displayname (observation_id, displayNames_id) VALUES (14,14);
INSERT INTO observation_displayname (observation_id, displayNames_id) VALUES (14,103);
INSERT INTO observation_displayname (observation_id, displayNames_id) VALUES (15,15);
INSERT INTO observation_displayname (observation_id, displayNames_id) VALUES (15,104);
INSERT INTO observation_displayname (observation_id, displayNames_id) VALUES (16,16);
INSERT INTO observation_displayname (observation_id, displayNames_id) VALUES (16,105);
INSERT INTO observation_displayname (observation_id, displayNames_id) VALUES (17,17);
INSERT INTO observation_displayname (observation_id, displayNames_id) VALUES (17,106);
INSERT INTO observation_displayname (observation_id, displayNames_id) VALUES (18,18);
INSERT INTO observation_displayname (observation_id, displayNames_id) VALUES (18,107);
INSERT INTO observation_displayname (observation_id, displayNames_id) VALUES (19,19);
INSERT INTO observation_displayname (observation_id, displayNames_id) VALUES (19,108);
INSERT INTO observation_displayname (observation_id, displayNames_id) VALUES (20,20);
INSERT INTO observation_displayname (observation_id, displayNames_id) VALUES (20,109);
INSERT INTO observation_displayname (observation_id, displayNames_id) VALUES (21,21);
INSERT INTO observation_displayname (observation_id, displayNames_id) VALUES (21,110);
INSERT INTO observation_displayname (observation_id, displayNames_id) VALUES (22,22);
INSERT INTO observation_displayname (observation_id, displayNames_id) VALUES (22,111);
INSERT INTO observation_displayname (observation_id, displayNames_id) VALUES (23,23);
INSERT INTO observation_displayname (observation_id, displayNames_id) VALUES (23,112);
INSERT INTO observation_displayname (observation_id, displayNames_id) VALUES (24,24);
INSERT INTO observation_displayname (observation_id, displayNames_id) VALUES (24,113);
INSERT INTO observation_displayname (observation_id, displayNames_id) VALUES (25,25);
INSERT INTO observation_displayname (observation_id, displayNames_id) VALUES (26,26);
INSERT INTO observation_displayname (observation_id, displayNames_id) VALUES (26,114);
INSERT INTO observation_displayname (observation_id, displayNames_id) VALUES (27,27);
INSERT INTO observation_displayname (observation_id, displayNames_id) VALUES (27,115);
INSERT INTO observation_displayname (observation_id, displayNames_id) VALUES (28,28);
INSERT INTO observation_displayname (observation_id, displayNames_id) VALUES (28,116);
INSERT INTO observation_displayname (observation_id, displayNames_id) VALUES (29,29);
INSERT INTO observation_displayname (observation_id, displayNames_id) VALUES (29,117);
INSERT INTO observation_displayname (observation_id, displayNames_id) VALUES (30,30);
INSERT INTO observation_displayname (observation_id, displayNames_id) VALUES (30,118);
INSERT INTO observation_displayname (observation_id, displayNames_id) VALUES (31,31);
INSERT INTO observation_displayname (observation_id, displayNames_id) VALUES (31,119);
INSERT INTO observation_displayname (observation_id, displayNames_id) VALUES (32,32);
INSERT INTO observation_displayname (observation_id, displayNames_id) VALUES (32,120);
INSERT INTO observation_displayname (observation_id, displayNames_id) VALUES (33,33);
INSERT INTO observation_displayname (observation_id, displayNames_id) VALUES (33,121);
INSERT INTO observation_displayname (observation_id, displayNames_id) VALUES (34,34);
INSERT INTO observation_displayname (observation_id, displayNames_id) VALUES (34,122);
INSERT INTO observation_displayname (observation_id, displayNames_id) VALUES (35,35);
INSERT INTO observation_displayname (observation_id, displayNames_id) VALUES (35,123);
INSERT INTO observation_displayname (observation_id, displayNames_id) VALUES (36,36);
INSERT INTO observation_displayname (observation_id, displayNames_id) VALUES (36,124);
INSERT INTO observation_displayname (observation_id, displayNames_id) VALUES (37,37);
INSERT INTO observation_displayname (observation_id, displayNames_id) VALUES (37,125);
INSERT INTO observation_displayname (observation_id, displayNames_id) VALUES (38,38);
INSERT INTO observation_displayname (observation_id, displayNames_id) VALUES (38,126);
INSERT INTO observation_displayname (observation_id, displayNames_id) VALUES (39,39);
INSERT INTO observation_displayname (observation_id, displayNames_id) VALUES (39,127);
INSERT INTO observation_displayname (observation_id, displayNames_id) VALUES (40,40);
INSERT INTO observation_displayname (observation_id, displayNames_id) VALUES (40,128);
INSERT INTO observation_displayname (observation_id, displayNames_id) VALUES (41,41);
INSERT INTO observation_displayname (observation_id, displayNames_id) VALUES (41,129);
INSERT INTO observation_displayname (observation_id, displayNames_id) VALUES (42,42);
INSERT INTO observation_displayname (observation_id, displayNames_id) VALUES (42,130);
INSERT INTO observation_displayname (observation_id, displayNames_id) VALUES (43,43);
INSERT INTO observation_displayname (observation_id, displayNames_id) VALUES (43,131);
INSERT INTO observation_displayname (observation_id, displayNames_id) VALUES (44,44);
INSERT INTO observation_displayname (observation_id, displayNames_id) VALUES (44,132);
INSERT INTO observation_displayname (observation_id, displayNames_id) VALUES (45,45);
INSERT INTO observation_displayname (observation_id, displayNames_id) VALUES (45,133);
INSERT INTO observation_displayname (observation_id, displayNames_id) VALUES (46,46);
INSERT INTO observation_displayname (observation_id, displayNames_id) VALUES (46,134);
INSERT INTO observation_displayname (observation_id, displayNames_id) VALUES (47,47);
INSERT INTO observation_displayname (observation_id, displayNames_id) VALUES (47,135);
INSERT INTO observation_displayname (observation_id, displayNames_id) VALUES (48,48);
INSERT INTO observation_displayname (observation_id, displayNames_id) VALUES (48,136);
INSERT INTO observation_displayname (observation_id, displayNames_id) VALUES (49,49);
INSERT INTO observation_displayname (observation_id, displayNames_id) VALUES (49,137);
INSERT INTO observation_displayname (observation_id, displayNames_id) VALUES (50,50);
INSERT INTO observation_displayname (observation_id, displayNames_id) VALUES (50,138);
INSERT INTO observation_displayname (observation_id, displayNames_id) VALUES (51,51);
INSERT INTO observation_displayname (observation_id, displayNames_id) VALUES (51,139);
INSERT INTO observation_displayname (observation_id, displayNames_id) VALUES (52,52);
INSERT INTO observation_displayname (observation_id, displayNames_id) VALUES (52,140);
INSERT INTO observation_displayname (observation_id, displayNames_id) VALUES (53,53);
INSERT INTO observation_displayname (observation_id, displayNames_id) VALUES (53,141);
INSERT INTO observation_displayname (observation_id, displayNames_id) VALUES (54,54);
INSERT INTO observation_displayname (observation_id, displayNames_id) VALUES (54,142);
INSERT INTO observation_displayname (observation_id, displayNames_id) VALUES (55,55);
INSERT INTO observation_displayname (observation_id, displayNames_id) VALUES (55,143);
INSERT INTO observation_displayname (observation_id, displayNames_id) VALUES (56,56);
INSERT INTO observation_displayname (observation_id, displayNames_id) VALUES (56,144);
INSERT INTO observation_displayname (observation_id, displayNames_id) VALUES (57,57);
INSERT INTO observation_displayname (observation_id, displayNames_id) VALUES (57,145);
INSERT INTO observation_displayname (observation_id, displayNames_id) VALUES (58,58);
INSERT INTO observation_displayname (observation_id, displayNames_id) VALUES (58,146);
INSERT INTO observation_displayname (observation_id, displayNames_id) VALUES (59,59);
INSERT INTO observation_displayname (observation_id, displayNames_id) VALUES (59,147);
INSERT INTO observation_displayname (observation_id, displayNames_id) VALUES (60,60);
INSERT INTO observation_displayname (observation_id, displayNames_id) VALUES (60,148);
INSERT INTO observation_displayname (observation_id, displayNames_id) VALUES (61,61);
INSERT INTO observation_displayname (observation_id, displayNames_id) VALUES (61,149);
INSERT INTO observation_displayname (observation_id, displayNames_id) VALUES (62,62);
INSERT INTO observation_displayname (observation_id, displayNames_id) VALUES (62,150);
INSERT INTO observation_displayname (observation_id, displayNames_id) VALUES (63,63);
INSERT INTO observation_displayname (observation_id, displayNames_id) VALUES (63,151);
INSERT INTO observation_displayname (observation_id, displayNames_id) VALUES (64,64);
INSERT INTO observation_displayname (observation_id, displayNames_id) VALUES (64,152);
INSERT INTO observation_displayname (observation_id, displayNames_id) VALUES (65,65);
INSERT INTO observation_displayname (observation_id, displayNames_id) VALUES (65,153);
INSERT INTO observation_displayname (observation_id, displayNames_id) VALUES (66,66);
INSERT INTO observation_displayname (observation_id, displayNames_id) VALUES (66,154);
INSERT INTO observation_displayname (observation_id, displayNames_id) VALUES (67,67);
INSERT INTO observation_displayname (observation_id, displayNames_id) VALUES (67,155);
INSERT INTO observation_displayname (observation_id, displayNames_id) VALUES (68,68);
INSERT INTO observation_displayname (observation_id, displayNames_id) VALUES (68,156);
INSERT INTO observation_displayname (observation_id, displayNames_id) VALUES (69,69);
INSERT INTO observation_displayname (observation_id, displayNames_id) VALUES (69,157);
INSERT INTO observation_displayname (observation_id, displayNames_id) VALUES (70,70);
INSERT INTO observation_displayname (observation_id, displayNames_id) VALUES (70,158);
INSERT INTO observation_displayname (observation_id, displayNames_id) VALUES (71,71);
INSERT INTO observation_displayname (observation_id, displayNames_id) VALUES (71,159);
INSERT INTO observation_displayname (observation_id, displayNames_id) VALUES (72,72);
INSERT INTO observation_displayname (observation_id, displayNames_id) VALUES (72,160);
INSERT INTO observation_displayname (observation_id, displayNames_id) VALUES (73,73);
INSERT INTO observation_displayname (observation_id, displayNames_id) VALUES (73,161);
INSERT INTO observation_displayname (observation_id, displayNames_id) VALUES (74,74);
INSERT INTO observation_displayname (observation_id, displayNames_id) VALUES (74,162);
INSERT INTO observation_displayname (observation_id, displayNames_id) VALUES (75,75);
INSERT INTO observation_displayname (observation_id, displayNames_id) VALUES (75,163);
INSERT INTO observation_displayname (observation_id, displayNames_id) VALUES (76,76);
INSERT INTO observation_displayname (observation_id, displayNames_id) VALUES (76,164);
INSERT INTO observation_displayname (observation_id, displayNames_id) VALUES (77,77);
INSERT INTO observation_displayname (observation_id, displayNames_id) VALUES (77,165);
INSERT INTO observation_displayname (observation_id, displayNames_id) VALUES (78,78);
INSERT INTO observation_displayname (observation_id, displayNames_id) VALUES (78,166);
INSERT INTO observation_displayname (observation_id, displayNames_id) VALUES (79,79);
INSERT INTO observation_displayname (observation_id, displayNames_id) VALUES (79,167);
INSERT INTO observation_displayname (observation_id, displayNames_id) VALUES (80,80);
INSERT INTO observation_displayname (observation_id, displayNames_id) VALUES (80,168);
INSERT INTO observation_displayname (observation_id, displayNames_id) VALUES (81,81);
INSERT INTO observation_displayname (observation_id, displayNames_id) VALUES (81,169);
INSERT INTO observation_displayname (observation_id, displayNames_id) VALUES (82,82);
INSERT INTO observation_displayname (observation_id, displayNames_id) VALUES (82,170);
INSERT INTO observation_displayname (observation_id, displayNames_id) VALUES (83,83);
INSERT INTO observation_displayname (observation_id, displayNames_id) VALUES (83,171);
INSERT INTO observation_displayname (observation_id, displayNames_id) VALUES (84,84);
INSERT INTO observation_displayname (observation_id, displayNames_id) VALUES (84,172);
INSERT INTO observation_displayname (observation_id, displayNames_id) VALUES (85,85);
INSERT INTO observation_displayname (observation_id, displayNames_id) VALUES (85,173);
INSERT INTO observation_displayname (observation_id, displayNames_id) VALUES (86,86);
INSERT INTO observation_displayname (observation_id, displayNames_id) VALUES (86,174);
INSERT INTO observation_displayname (observation_id, displayNames_id) VALUES (87,87);
INSERT INTO observation_displayname (observation_id, displayNames_id) VALUES (87,175);
INSERT INTO observation_displayname (observation_id, displayNames_id) VALUES (88,88);
INSERT INTO observation_displayname (observation_id, displayNames_id) VALUES (88,176);
INSERT INTO observation_displayname (observation_id, displayNames_id) VALUES (89,89);
INSERT INTO observation_displayname (observation_id, displayNames_id) VALUES (89,177);

commit;

