<?xml version="1.0" encoding="UTF-8" ?> 
<!-- Created with P3PEdit on 17-Jun-2005 11:51:31 AM - http://p3pedit.com -->
<META xmlns="http://www.w3.org/2002/01/P3Pv1">
	<POLICY-REFERENCES>
		<EXPIRY max-age="31536000" />
		<POLICY-REF about="#WebsitePolicy">
			<INCLUDE>/*</INCLUDE>
		</POLICY-REF>
	</POLICY-REFERENCES>
	<POLICIES xmlns="http://www.w3.org/2002/01/P3Pv1">
		<POLICY name="WebsitePolicy" discuri="http://www.genome.gov/privacy.cfm" opturi="http://www.genome.gov/privacy.cfm">
			<ENTITY>
				<DATA-GROUP>
					<DATA ref="#business.name">National Human Genome Research Institute (NHGRI)</DATA>
					<DATA ref="#business.contact-info.postal.street">31 Center Drive, MSC 2152</DATA>
					<DATA ref="#business.contact-info.postal.city">Bethesda</DATA>
					<DATA ref="#business.contact-info.postal.stateprov">MD</DATA>
					<DATA ref="#business.contact-info.postal.postalcode">20892-2152</DATA>
					<DATA ref="#business.contact-info.postal.country">US</DATA>
					<DATA ref="#business.contact-info.telecom.telephone">(301) 402-0911</DATA>
					<DATA ref="#business.contact-info.online.email">webmaster@nhgri.nih.gov</DATA>
				</DATA-GROUP>
			</ENTITY>
			<ACCESS>
				<all/>
			</ACCESS>
			<DISPUTES-GROUP>
				<DISPUTES resolution-type="service" service="http://www.genome.gov/privacy.cfm">
					<LONG-DESCRIPTION>NHGRI processes all disputes through email. The address to send comments to is webmaster@nhgri.nih.gov.</LONG-DESCRIPTION>
					<REMEDIES><correct/><law/></REMEDIES>
				</DISPUTES>
			</DISPUTES-GROUP>
			<STATEMENT>
				<CONSEQUENCE>NIH Websites do not automatically collect personally identifying information. The only personally identifying information we have about you is what you provide to us via email, surveys, or via forms such as our "contact us".  We do collect keyword searches and normal Web logs used for Server administration, statistics of usage and security.</CONSEQUENCE>
				<PURPOSE>
					<current/>
					<admin/>
					<develop/>
				</PURPOSE>
				<RECIPIENT>
					<ours/>
				</RECIPIENT>
				<RETENTION><business-practices/></RETENTION>
				<DATA-GROUP>
					<DATA ref="#dynamic.clickstream"/>
					<DATA ref="#dynamic.http"/>
					<DATA ref="#dynamic.clientevents"/>
					<DATA ref="#dynamic.searchtext"/>
					<DATA ref="#dynamic.cookies">
						<CATEGORIES>
							<uniqueid/>
						</CATEGORIES>
					</DATA>
					<DATA ref="#dynamic.miscdata">
						<CATEGORIES>
							<computer/>
							<navigation/>
							<interactive/>
							<content/>
						</CATEGORIES>
					</DATA>
				</DATA-GROUP>
			</STATEMENT>
		</POLICY>
	</POLICIES>
</META>