<?xml version="1.0" encoding="UTF-8"?>
<!-- URL: http://familyhistory.hhs.gov/Info/updates.xml -->	
<rss version="2.0">
  <channel>
    <title>My Family Health Portrait - Site Updates</title>
    <link>https://familyhistory.hhs.gov</link>
    <description>Site Updates</description>
    <language>en-us</language>
	<lastBuildDate>Wed, 7 Nov 2007 12:53:52 EST</lastBuildDate>
	<item>
		<title>November 7, 2007 - New fucntional enhancements are published as a result of further feedback and usability testing.</title>
		<link>https://familyhistory.hhs.gov</link>
		<guid>https://familyhistory.hhs.gov</guid>
		<description>A whole host of improvements were made as a result of user feedback and continued usability testing.  The most significant are: 1) the pedigree/family tree drawing now scales to fit on a single page; 2) the text chart is now combined with the pedigree output so you have everything you need in one file; 3) the pedigree now shows abbreviations for additional diseases you add; 4) a change in the initial workflow and other tweaks to reduce the chance of someone accidentally losing their data.  Several visual and text enhancements were also made to keep our tool as user-friendly as possible, as well as even better error handling in the event of a problem.</description>
		<pubDate>Wed, 7 Nov 2007 12:53:52 EST</pubDate>
	</item>
	<item>
		<title>March 29, 2007 - Several visual enhancements are published as a result of further usability testing.</title>
		<link>https://familyhistory.hhs.gov</link>
		<guid>https://familyhistory.hhs.gov</guid>
		<description>Several visual enhancements were made as a result of usability testing. These enhancements include: new colors and style for diseases tracked throughout My Family and new layout for save instruction pages.  New user-friendly error-handling code has also been placed on the site.</description>
		<pubDate>Thurs, 29 Mar 2007 12:53:52 EST</pubDate>
	</item>
	<item>
		<title>November 15, 2006 - A redesigned web site is launched.</title>
		<link>https://familyhistory.hhs.gov</link>
		<guid>https://familyhistory.hhs.gov</guid>
		<description>A redesigned web site is launched with a bold new look-and-feel, along with several functional enhancements.  Those enhancements include a new way to track diseases throughout your entire family. This change cuts down on the amount of data entry, and is a direct result of user feedback submitted through the site (users can still add unique diseases or conditions to each family member individually). Another change is the ability to graphically preview the family tree centered upon a different family member.  This preview feature allows someone to carry through all the data previously entered for family members rather than starting over for that new member. In addition to the technical changes, several new family health history projects focus on Alaska Native and Appalachian Communities (http://www.genome.gov/19518941).</description>
		<pubDate>Wed, 15 Nov 2006 12:53:52 EST</pubDate>
	</item>
	<item>
		<title>June 14, 2006 - Several functional enhancements are published as a direct result of user feedback.</title>
		<link>https://familyhistory.hhs.gov</link>
		<guid>https://familyhistory.hhs.gov</guid>
		<description>Several functional enhancements are published as a direct result of user feedback. Those enhancements included: adding a field to record age and cause of death, which is also recorded on the chart report; adding the "Updates" page so users can be informed when changes are made to the tool; updating the "Save as Another Relative" page to be more clear and easy to use.</description>
		<pubDate>Wed, 14 Jun 2006 04:53:52 EST</pubDate>
	</item>
	<item>
		<title>February 28, 2006 - The Spanish version of the Web-based My Family Health Portrait is launched.</title>
		<link>https://familyhistory.hhs.gov</link>
		<guid>https://familyhistory.hhs.gov</guid>
		<description>The Spanish version of the Web-based My Family Health Portrait is launched.</description>
		<pubDate>Tue, 28 Feb 2006 12:00:00 EST</pubDate>
	</item>
	<item>
		<title>November 15, 2005 - The new and improved Web-based version of the My Family Health Portrait is launched.</title>
		<link>https://familyhistory.hhs.gov</link>
		<guid>https://familyhistory.hhs.gov</guid>
		<description>The new and improved Web-based version of the My Family Health Portrait is launched.</description>
		<pubDate>Tue, 15 Nov 2006 12:00:00 EST</pubDate>
	</item>
  </channel>
</rss>

